date,Brent,WTI
2010-01-01,,
2010-01-04,79.05,81.52
2010-01-05,79.27,81.74
2010-01-06,80.14,83.12
2010-01-07,80.57,82.6
2010-01-08,80.06,82.74
2010-01-11,80.14,82.54
2010-01-12,79.38,80.79
2010-01-13,77.57,79.66
2010-01-14,77.61,79.35
2010-01-15,76.85,77.96
2010-01-18,,
2010-01-19,75.18,78.98
2010-01-20,75.09,77.42
2010-01-21,74.13,75.84
2010-01-22,72.73,74.25
2010-01-25,72.18,74.9
2010-01-26,72.63,74.67
2010-01-27,72.75,73.64
2010-01-28,70.65,73.62
2010-01-29,71.2,72.85
2010-02-01,71.58,74.41
2010-02-02,73.94,77.21
2010-02-03,75.77,76.96
2010-02-04,71.3,73.13
2010-02-05,70.11,71.15
2010-02-08,69.62,71.87
2010-02-09,70.4,73.71
2010-02-10,70.4,74.48
2010-02-11,72.35,75.23
2010-02-12,71.49,74.11
2010-02-15,,
2010-02-16,74.82,76.98
2010-02-17,74.89,77.27
2010-02-18,76.61,78.97
2010-02-19,76.88,79.77
2010-02-22,76.95,80.04
2010-02-23,76.44,78.61
2010-02-24,77.0,79.75
2010-02-25,74.38,77.99
2010-02-26,76.36,79.72
2010-03-01,76.07,78.71
2010-03-02,77.5,79.62
2010-03-03,78.66,80.91
2010-03-04,77.88,80.21
2010-03-05,79.2,81.5
2010-03-08,78.94,81.85
2010-03-09,78.77,81.5
2010-03-10,80.29,82.07
2010-03-11,79.44,82.1
2010-03-12,79.38,81.26
2010-03-15,77.08,79.79
2010-03-16,79.45,81.75
2010-03-17,80.28,82.93
2010-03-18,80.09,82.16
2010-03-19,78.37,80.58
2010-03-22,78.09,81.26
2010-03-23,79.17,81.68
2010-03-24,78.03,80.29
2010-03-25,78.64,80.25
2010-03-26,77.98,79.75
2010-03-29,79.89,81.92
2010-03-30,79.46,82.14
2010-03-31,80.37,83.45
2010-04-01,82.63,84.53
2010-04-02,,
2010-04-05,84.48,86.36
2010-04-06,85.05,86.54
2010-04-07,84.49,85.64
2010-04-08,82.63,85.17
2010-04-09,82.77,84.6
2010-04-12,85.21,84.07
2010-04-13,83.44,83.8
2010-04-14,85.81,85.62
2010-04-15,86.9,85.25
2010-04-16,84.81,82.97
2010-04-19,83.09,81.52
2010-04-20,84.73,82.98
2010-04-21,84.55,82.78
2010-04-22,84.58,82.89
2010-04-23,86.09,84.34
2010-04-26,86.72,84.2
2010-04-27,85.59,82.43
2010-04-28,84.59,83.22
2010-04-29,86.82,85.17
2010-04-30,86.19,86.07
2010-05-03,88.09,86.19
2010-05-04,85.39,82.73
2010-05-05,82.31,80.0
2010-05-06,80.21,77.18
2010-05-07,76.48,75.1
2010-05-10,78.08,76.89
2010-05-11,79.0,76.37
2010-05-12,78.7,75.65
2010-05-13,79.41,74.38
2010-05-14,76.43,71.61
2010-05-17,73.87,70.08
2010-05-18,75.12,69.38
2010-05-19,71.86,69.91
2010-05-20,69.56,68.28
2010-05-21,70.45,68.03
2010-05-24,69.62,68.23
2010-05-25,67.18,64.78
2010-05-26,70.59,71.52
2010-05-27,73.56,74.56
2010-05-28,73.0,74.0
2010-05-31,,
2010-06-01,73.08,72.7
2010-06-02,72.78,72.88
2010-06-03,73.12,74.62
2010-06-04,71.84,71.43
2010-06-07,71.09,71.55
2010-06-08,71.43,71.88
2010-06-09,73.68,74.38
2010-06-10,74.33,75.48
2010-06-11,73.28,73.89
2010-06-14,75.11,74.99
2010-06-15,75.29,76.84
2010-06-16,76.12,77.67
2010-06-17,77.52,76.82
2010-06-18,77.05,77.18
2010-06-21,78.53,77.84
2010-06-22,78.08,77.15
2010-06-23,75.22,75.9
2010-06-24,75.17,75.96
2010-06-25,76.21,78.45
2010-06-28,76.66,78.26
2010-06-29,74.21,75.93
2010-06-30,74.94,75.59
2010-07-01,71.73,72.95
2010-07-02,71.75,72.06
2010-07-05,,
2010-07-06,73.08,71.96
2010-07-07,72.97,74.05
2010-07-08,74.56,75.46
2010-07-09,75.2,76.08
2010-07-12,74.35,74.93
2010-07-13,76.45,77.16
2010-07-14,76.63,77.02
2010-07-15,75.52,76.67
2010-07-16,75.55,75.96
2010-07-19,76.29,76.53
2010-07-20,76.31,77.32
2010-07-21,75.75,76.27
2010-07-22,77.59,79.01
2010-07-23,77.27,78.68
2010-07-26,77.9,78.93
2010-07-27,75.52,77.46
2010-07-28,76.66,77.06
2010-07-29,78.6,78.3
2010-07-30,77.5,78.85
2010-08-02,81.93,81.25
2010-08-03,83.6,82.52
2010-08-04,83.76,82.49
2010-08-05,82.9,82.0
2010-08-06,81.28,80.67
2010-08-09,81.54,81.46
2010-08-10,79.89,80.24
2010-08-11,77.83,78.09
2010-08-12,76.63,75.68
2010-08-13,75.14,75.39
2010-08-16,74.56,75.17
2010-08-17,76.74,75.76
2010-08-18,75.1,75.39
2010-08-19,74.84,74.45
2010-08-20,73.48,73.45
2010-08-23,73.08,72.71
2010-08-24,70.61,71.24
2010-08-25,70.74,72.07
2010-08-26,74.5,73.36
2010-08-27,75.16,75.17
2010-08-30,76.05,74.69
2010-08-31,75.51,71.93
2010-09-01,75.53,73.97
2010-09-02,74.93,74.99
2010-09-03,75.03,74.52
2010-09-06,,
2010-09-07,75.78,73.98
2010-09-08,77.48,74.65
2010-09-09,77.87,74.25
2010-09-10,77.54,76.4
2010-09-13,78.52,77.17
2010-09-14,78.89,76.78
2010-09-15,78.46,75.92
2010-09-16,78.89,74.58
2010-09-17,77.43,73.63
2010-09-20,79.42,74.81
2010-09-21,78.76,72.96
2010-09-22,77.29,72.98
2010-09-23,77.69,73.4
2010-09-24,78.73,74.63
2010-09-27,77.71,76.51
2010-09-28,79.14,76.15
2010-09-29,78.79,77.85
2010-09-30,80.77,79.95
2010-10-01,82.69,81.57
2010-10-04,83.42,81.43
2010-10-05,83.35,82.83
2010-10-06,85.01,83.21
2010-10-07,83.67,81.34
2010-10-08,83.88,82.66
2010-10-11,83.08,82.18
2010-10-12,82.99,81.67
2010-10-13,84.01,83.03
2010-10-14,83.55,82.71
2010-10-15,81.94,81.23
2010-10-18,82.3,83.06
2010-10-19,81.12,79.57
2010-10-20,81.68,81.93
2010-10-21,81.28,80.03
2010-10-22,80.75,81.15
2010-10-25,81.91,82.0
2010-10-26,82.62,82.6
2010-10-27,81.27,81.9
2010-10-28,82.97,82.2
2010-10-29,82.47,81.45
2010-11-01,84.06,82.94
2010-11-02,84.71,83.91
2010-11-03,85.33,84.45
2010-11-04,86.83,86.49
2010-11-05,87.05,86.85
2010-11-08,87.15,87.07
2010-11-09,87.93,87.04
2010-11-10,87.92,87.77
2010-11-11,88.08,87.77
2010-11-12,86.07,84.89
2010-11-15,85.49,84.88
2010-11-16,83.98,82.33
2010-11-17,83.36,80.43
2010-11-18,83.7,81.88
2010-11-19,83.17,81.65
2010-11-22,82.34,81.24
2010-11-23,82.37,80.79
2010-11-24,84.53,83.21
2010-11-25,,
2010-11-26,84.78,83.87
2010-11-29,85.9,85.73
2010-11-30,86.02,84.12
2010-12-01,88.56,86.75
2010-12-02,89.37,87.98
2010-12-03,90.65,89.18
2010-12-06,91.25,89.33
2010-12-07,90.78,88.69
2010-12-08,89.74,88.3
2010-12-09,89.93,88.35
2010-12-10,89.54,87.81
2010-12-13,90.4,88.62
2010-12-14,90.63,88.33
2010-12-15,91.33,88.66
2010-12-16,91.09,87.71
2010-12-17,91.11,88.02
2010-12-20,91.31,88.68
2010-12-21,93.11,89.3
2010-12-22,93.55,89.83
2010-12-23,93.63,90.84
2010-12-24,,
2010-12-27,93.08,90.99
2010-12-28,93.52,91.48
2010-12-29,93.52,91.13
2010-12-30,92.5,89.85
2010-12-31,93.23,91.38
2011-01-03,95.82,91.59
2011-01-04,93.52,89.39
2011-01-05,95.07,90.3
2011-01-06,94.95,88.37
2011-01-07,94.25,88.07
2011-01-10,95.05,89.24
2011-01-11,96.8,91.11
2011-01-12,97.86,91.85
2011-01-13,97.86,91.39
2011-01-14,97.86,91.53
2011-01-17,,
2011-01-18,97.83,91.38
2011-01-19,98.42,90.85
2011-01-20,96.27,88.56
2011-01-21,96.84,88.22
2011-01-24,96.76,86.74
2011-01-25,96.76,85.08
2011-01-26,96.04,86.15
2011-01-27,96.48,84.45
2011-01-28,97.06,88.15
2011-01-31,98.97,90.99
2011-02-01,100.4,89.54
2011-02-02,101.3,89.78
2011-02-03,101.69,89.42
2011-02-04,99.43,87.87
2011-02-07,99.44,86.3
2011-02-08,99.25,85.85
2011-02-09,100.16,85.59
2011-02-10,100.74,85.44
2011-02-11,99.93,84.39
2011-02-14,103.12,83.66
2011-02-15,102.48,83.13
2011-02-16,102.78,83.8
2011-02-17,103.45,85.05
2011-02-18,102.2,85.03
2011-02-21,,
2011-02-22,106.82,92.65
2011-02-23,109.77,96.04
2011-02-24,113.91,95.83
2011-02-25,111.47,96.52
2011-02-28,112.27,97.1
2011-03-01,113.34,99.63
2011-03-02,116.89,102.27
2011-03-03,114.42,101.92
2011-03-04,115.71,104.34
2011-03-07,116.58,105.37
2011-03-08,112.32,105.06
2011-03-09,115.19,104.39
2011-03-10,114.07,102.73
2011-03-11,114.07,101.14
2011-03-14,112.95,101.2
2011-03-15,111.11,97.23
2011-03-16,110.96,97.99
2011-03-17,114.18,101.47
2011-03-18,114.13,101.06
2011-03-21,114.92,102.36
2011-03-22,115.63,104.53
2011-03-23,115.65,105.21
2011-03-24,115.41,105.04
2011-03-25,115.45,104.89
2011-03-28,115.95,103.54
2011-03-29,115.58,104.34
2011-03-30,115.35,103.8
2011-03-31,116.94,106.19
2011-04-01,118.63,107.55
2011-04-04,120.07,108.14
2011-04-05,122.87,107.82
2011-04-06,123.01,108.38
2011-04-07,122.9,109.82
2011-04-08,126.3,112.27
2011-04-11,126.46,109.5
2011-04-12,121.33,105.75
2011-04-13,122.7,106.6
2011-04-14,122.74,107.73
2011-04-15,124.63,109.17
2011-04-18,121.69,106.7
2011-04-19,121.35,107.18
2011-04-20,124.26,110.84
2011-04-21,123.64,111.72
2011-04-22,,
2011-04-25,,111.68
2011-04-26,124.55,111.72
2011-04-27,124.94,112.31
2011-04-28,126.59,112.38
2011-04-29,,113.39
2011-05-02,126.64,113.03
2011-05-03,124.01,110.6
2011-05-04,121.55,108.79
2011-05-05,111.93,99.89
2011-05-06,113.69,96.87
2011-05-09,113.21,100.32
2011-05-10,117.82,103.39
2011-05-11,115.66,97.88
2011-05-12,112.87,98.53
2011-05-13,113.08,99.21
2011-05-16,113.72,96.91
2011-05-17,109.39,96.4
2011-05-18,112.54,99.52
2011-05-19,113.2,97.99
2011-05-20,111.25,99.15
2011-05-23,110.13,97.06
2011-05-24,112.52,99.13
2011-05-25,114.47,100.78
2011-05-26,115.06,100.18
2011-05-27,114.85,100.58
2011-05-30,,
2011-05-31,117.18,102.7
2011-06-01,116.15,100.3
2011-06-02,114.3,100.41
2011-06-03,115.09,100.28
2011-06-06,115.4,99.07
2011-06-07,116.14,99.18
2011-06-08,118.43,100.77
2011-06-09,119.95,101.95
2011-06-10,118.71,99.3
2011-06-13,120.49,97.2
2011-06-14,120.35,99.37
2011-06-15,114.67,94.83
2011-06-16,114.69,94.95
2011-06-17,113.74,93.02
2011-06-20,112.21,93.23
2011-06-21,112.02,93.7
2011-06-22,113.59,94.96
2011-06-23,108.27,90.7
2011-06-24,104.79,90.89
2011-06-27,104.57,90.65
2011-06-28,107.57,92.9
2011-06-29,111.49,94.85
2011-06-30,111.71,95.3
2011-07-01,109.82,94.81
2011-07-04,,
2011-07-05,113.21,96.92
2011-07-06,113.55,96.67
2011-07-07,117.4,98.7
2011-07-08,117.4,96.2
2011-07-11,117.35,95.16
2011-07-12,117.36,97.41
2011-07-13,118.46,98.04
2011-07-14,117.38,95.75
2011-07-15,118.06,97.24
2011-07-18,117.05,95.94
2011-07-19,118.18,97.49
2011-07-20,118.52,98.11
2011-07-21,118.25,98.96
2011-07-22,118.99,99.53
2011-07-25,118.27,98.97
2011-07-26,118.14,99.61
2011-07-27,117.99,97.4
2011-07-28,118.16,97.48
2011-07-29,115.93,95.68
2011-08-01,116.37,94.98
2011-08-02,116.02,93.78
2011-08-03,113.74,91.87
2011-08-04,110.22,86.75
2011-08-05,106.92,86.89
2011-08-08,103.06,81.27
2011-08-09,103.63,79.32
2011-08-10,103.84,83.05
2011-08-11,107.82,85.48
2011-08-12,108.17,85.19
2011-08-15,108.89,87.88
2011-08-16,109.69,86.65
2011-08-17,111.37,87.58
2011-08-18,108.36,82.38
2011-08-19,109.37,82.33
2011-08-22,108.83,84.42
2011-08-23,110.35,85.35
2011-08-24,111.91,84.99
2011-08-25,111.91,85.15
2011-08-26,112.29,85.37
2011-08-29,,87.27
2011-08-30,115.59,88.9
2011-08-31,116.48,88.81
2011-09-01,116.43,88.93
2011-09-02,115.92,86.45
2011-09-05,,
2011-09-06,113.29,85.99
2011-09-07,117.5,89.34
2011-09-08,117.99,89.05
2011-09-09,115.1,87.24
2011-09-12,114.75,88.19
2011-09-13,114.08,90.21
2011-09-14,113.1,88.91
2011-09-15,116.71,89.4
2011-09-16,116.26,87.96
2011-09-19,112.89,85.7
2011-09-20,114.39,86.92
2011-09-21,114.26,85.77
2011-09-22,109.21,80.29
2011-09-23,109.17,79.58
2011-09-26,107.9,79.97
2011-09-27,109.54,84.18
2011-09-28,108.52,80.94
2011-09-29,107.08,81.87
2011-09-30,105.42,78.93
2011-10-03,103.61,77.34
2011-10-04,101.84,75.4
2011-10-05,103.77,79.41
2011-10-06,104.38,82.32
2011-10-07,106.56,82.7
2011-10-10,109.49,85.14
2011-10-11,109.22,85.54
2011-10-12,112.44,85.3
2011-10-13,112.45,83.96
2011-10-14,114.33,86.8
2011-10-17,112.92,86.38
2011-10-18,112.08,88.34
2011-10-19,111.76,86.11
2011-10-20,109.0,86.07
2011-10-21,111.6,87.19
2011-10-24,111.67,91.12
2011-10-25,112.11,92.98
2011-10-26,110.43,90.2
2011-10-27,112.45,93.96
2011-10-28,110.01,93.32
2011-10-31,108.43,93.19
2011-11-01,106.97,92.19
2011-11-02,110.82,92.51
2011-11-03,110.76,94.07
2011-11-04,112.22,94.26
2011-11-07,114.75,95.52
2011-11-08,115.61,96.8
2011-11-09,115.29,95.74
2011-11-10,113.32,97.78
2011-11-11,114.43,98.99
2011-11-14,112.57,98.14
2011-11-15,111.9,99.37
2011-11-16,111.91,102.59
2011-11-17,109.25,98.82
2011-11-18,107.82,97.67
2011-11-21,105.98,96.73
2011-11-22,107.77,97.76
2011-11-23,106.83,96.16
2011-11-24,,
2011-11-25,106.08,96.91
2011-11-28,109.38,98.21
2011-11-29,111.25,99.79
2011-11-30,111.22,100.36
2011-12-01,108.83,100.2
2011-12-02,109.59,100.97
2011-12-05,110.18,100.94
2011-12-06,110.16,101.25
2011-12-07,110.07,100.45
2011-12-08,108.23,98.35
2011-12-09,107.91,99.4
2011-12-12,107.82,97.77
2011-12-13,109.25,100.24
2011-12-14,105.72,94.92
2011-12-15,104.52,93.84
2011-12-16,104.0,93.55
2011-12-19,104.55,93.86
2011-12-20,107.8,97.16
2011-12-21,108.0,98.54
2011-12-22,108.98,99.42
2011-12-23,109.28,99.72
2011-12-26,,
2011-12-27,,101.29
2011-12-28,107.54,99.44
2011-12-29,106.89,99.68
2011-12-30,108.09,98.83
2012-01-02,,
2012-01-03,111.12,102.96
2012-01-04,113.37,103.22
2012-01-05,113.59,101.81
2012-01-06,111.96,101.56
2012-01-09,111.07,101.31
2012-01-10,113.3,102.24
2012-01-11,111.66,100.89
2012-01-12,112.97,99.03
2012-01-13,109.88,98.69
2012-01-16,,
2012-01-17,110.55,100.7
2012-01-18,109.81,100.61
2012-01-19,109.54,100.32
2012-01-20,108.5,98.15
2012-01-23,109.46,99.47
2012-01-24,108.38,98.84
2012-01-25,108.48,99.23
2012-01-26,109.08,99.76
2012-01-27,110.5,99.47
2012-01-30,110.24,98.75
2012-01-31,110.26,98.46
2012-02-01,111.96,97.63
2012-02-02,110.96,96.36
2012-02-03,112.56,97.8
2012-02-06,115.47,96.89
2012-02-07,116.86,98.55
2012-02-08,117.18,98.8
2012-02-09,118.4,99.88
2012-02-10,118.13,98.68
2012-02-13,118.73,100.39
2012-02-14,118.3,100.82
2012-02-15,120.25,101.82
2012-02-16,121.0,102.33
2012-02-17,120.69,103.27
2012-02-20,,
2012-02-21,120.85,105.88
2012-02-22,123.07,105.99
2012-02-23,124.53,107.44
2012-02-24,124.89,109.39
2012-02-27,126.46,108.49
2012-02-28,124.02,106.59
2012-02-29,122.23,107.08
2012-03-01,125.76,108.76
2012-03-02,125.93,106.68
2012-03-05,126.68,106.7
2012-03-06,125.03,104.71
2012-03-07,125.37,106.16
2012-03-08,127.96,106.65
2012-03-09,128.08,107.4
2012-03-12,127.27,106.34
2012-03-13,128.14,106.7
2012-03-14,126.98,105.49
2012-03-15,123.63,105.19
2012-03-16,125.09,107.03
2012-03-19,125.76,108.09
2012-03-20,124.38,105.68
2012-03-21,123.89,106.87
2012-03-22,122.49,104.98
2012-03-23,125.21,106.43
2012-03-26,125.85,107.07
2012-03-27,125.25,107.32
2012-03-28,124.41,105.4
2012-03-29,123.23,102.79
2012-03-30,123.41,103.03
2012-04-02,124.44,105.25
2012-04-03,,104.02
2012-04-04,123.04,101.53
2012-04-05,123.58,103.29
2012-04-06,,
2012-04-09,,102.45
2012-04-10,121.89,101.12
2012-04-11,120.41,102.66
2012-04-12,120.57,103.69
2012-04-13,120.62,102.84
2012-04-16,118.23,102.92
2012-04-17,117.41,104.23
2012-04-18,115.18,102.65
2012-04-19,117.0,102.38
2012-04-20,118.08,103.58
2012-04-23,116.66,102.68
2012-04-24,117.74,103.1
2012-04-25,117.45,103.72
2012-04-26,119.33,104.56
2012-04-27,119.3,104.86
2012-04-30,118.66,104.89
2012-05-01,119.57,106.17
2012-05-02,117.57,105.25
2012-05-03,115.91,102.56
2012-05-04,111.66,98.49
2012-05-07,,97.86
2012-05-08,110.48,97.13
2012-05-09,111.89,96.8
2012-05-10,112.24,97.1
2012-05-11,112.5,96.03
2012-05-14,110.79,94.75
2012-05-15,111.4,93.97
2012-05-16,109.8,92.78
2012-05-17,109.31,92.53
2012-05-18,108.03,91.51
2012-05-21,109.02,92.57
2012-05-22,109.76,91.44
2012-05-23,106.88,89.4
2012-05-24,107.2,90.36
2012-05-25,107.86,90.64
2012-05-28,,
2012-05-29,107.55,90.75
2012-05-30,103.85,87.79
2012-05-31,103.86,86.52
2012-06-01,98.63,83.17
2012-06-04,97.74,83.95
2012-06-05,98.65,84.31
2012-06-06,101.14,85.05
2012-06-07,100.05,84.78
2012-06-08,97.57,84.08
2012-06-11,98.6,82.58
2012-06-12,96.59,83.35
2012-06-13,97.29,82.56
2012-06-14,96.46,83.83
2012-06-15,97.13,84.03
2012-06-18,95.21,83.26
2012-06-19,95.14,83.99
2012-06-20,93.5,81.06
2012-06-21,89.22,77.91
2012-06-22,89.22,79.33
2012-06-25,88.69,78.76
2012-06-26,90.19,79.34
2012-06-27,92.06,80.27
2012-06-28,91.02,77.72
2012-06-29,94.17,85.04
2012-07-02,95.28,83.72
2012-07-03,99.89,87.74
2012-07-04,,
2012-07-05,101.54,87.11
2012-07-06,98.5,84.37
2012-07-09,99.94,85.93
2012-07-10,99.15,83.92
2012-07-11,99.23,85.88
2012-07-12,99.18,86.02
2012-07-13,101.91,87.15
2012-07-16,102.1,88.41
2012-07-17,104.21,89.07
2012-07-18,105.92,89.88
2012-07-19,107.79,92.78
2012-07-20,106.98,91.56
2012-07-23,103.91,87.77
2012-07-24,103.57,88.28
2012-07-25,102.35,88.8
2012-07-26,104.77,89.4
2012-07-27,106.3,90.13
2012-07-30,106.54,89.8
2012-07-31,105.93,88.08
2012-08-01,106.78,88.99
2012-08-02,107.55,87.22
2012-08-03,109.57,91.4
2012-08-06,110.01,92.3
2012-08-07,112.39,93.68
2012-08-08,113.42,93.39
2012-08-09,113.52,93.39
2012-08-10,113.13,92.94
2012-08-13,114.48,92.76
2012-08-14,113.9,93.4
2012-08-15,115.51,94.35
2012-08-16,116.12,95.66
2012-08-17,115.2,96.0
2012-08-20,115.5,96.03
2012-08-21,116.03,96.55
2012-08-22,115.77,96.89
2012-08-23,117.45,95.87
2012-08-24,115.76,95.78
2012-08-27,113.74,95.54
2012-08-28,112.62,96.3
2012-08-29,112.53,95.5
2012-08-30,112.28,94.61
2012-08-31,113.93,96.47
2012-09-03,,
2012-09-04,114.98,95.34
2012-09-05,113.32,95.37
2012-09-06,114.5,95.58
2012-09-07,113.64,96.41
2012-09-10,113.84,96.52
2012-09-11,114.86,97.03
2012-09-12,114.86,97.02
2012-09-13,116.0,98.3
2012-09-14,117.48,98.94
2012-09-17,116.7,96.51
2012-09-18,113.29,95.25
2012-09-19,108.49,91.97
2012-09-20,109.41,92.14
2012-09-21,111.27,92.64
2012-09-24,109.2,91.68
2012-09-25,110.77,91.07
2012-09-26,108.99,89.92
2012-09-27,111.45,91.89
2012-09-28,111.36,92.18
2012-10-01,112.58,92.44
2012-10-02,112.49,91.88
2012-10-03,109.32,88.19
2012-10-04,110.48,91.69
2012-10-05,112.17,89.87
2012-10-08,112.6,89.43
2012-10-09,114.32,92.42
2012-10-10,116.11,91.24
2012-10-11,116.18,92.19
2012-10-12,115.17,91.83
2012-10-15,115.0,91.84
2012-10-16,115.0,92.07
2012-10-17,113.49,92.04
2012-10-18,112.58,92.0
2012-10-19,111.89,90.0
2012-10-22,109.62,88.3
2012-10-23,107.53,86.65
2012-10-24,107.66,85.39
2012-10-25,107.64,85.59
2012-10-26,108.9,85.84
2012-10-29,109.33,85.52
2012-10-30,109.4,85.65
2012-10-31,109.89,86.23
2012-11-01,108.84,87.05
2012-11-02,106.79,84.9
2012-11-05,105.59,85.64
2012-11-06,109.27,88.62
2012-11-07,108.21,84.5
2012-11-08,107.23,85.07
2012-11-09,108.61,86.08
2012-11-12,110.23,85.56
2012-11-13,108.82,85.38
2012-11-14,109.66,86.32
2012-11-15,110.07,85.45
2012-11-16,106.81,86.62
2012-11-19,110.06,89.05
2012-11-20,110.01,86.46
2012-11-21,110.81,87.08
2012-11-22,,
2012-11-23,110.14,87.01
2012-11-26,110.18,87.28
2012-11-27,109.33,86.81
2012-11-28,108.26,86.1
2012-11-29,110.47,87.64
2012-11-30,110.84,88.54
2012-12-03,111.27,88.69
2012-12-04,109.99,88.04
2012-12-05,108.96,87.36
2012-12-06,108.01,85.47
2012-12-07,107.16,85.45
2012-12-10,108.25,85.14
2012-12-11,107.6,85.36
2012-12-12,110.17,86.35
2012-12-13,110.18,85.39
2012-12-14,109.28,86.32
2012-12-17,109.35,86.71
2012-12-18,109.96,87.46
2012-12-19,109.95,89.09
2012-12-20,110.57,89.76
2012-12-21,109.13,88.2
2012-12-24,108.44,88.29
2012-12-25,,
2012-12-26,110.72,90.71
2012-12-27,110.04,90.91
2012-12-28,110.05,90.66
2012-12-31,110.8,91.83
2013-01-01,,
2013-01-02,112.98,93.14
2013-01-03,113.03,92.97
2013-01-04,112.58,93.12
2013-01-07,112.49,93.2
2013-01-08,113.03,93.21
2013-01-09,113.07,93.08
2013-01-10,112.97,93.81
2013-01-11,110.3,93.6
2013-01-14,111.32,94.27
2013-01-15,111.72,93.26
2013-01-16,110.97,94.28
2013-01-17,111.01,95.49
2013-01-18,111.71,95.61
2013-01-21,,
2013-01-22,112.72,96.09
2013-01-23,113.68,95.06
2013-01-24,114.59,95.35
2013-01-25,113.88,95.15
2013-01-28,113.92,95.95
2013-01-29,115.22,97.62
2013-01-30,115.42,97.98
2013-01-31,115.55,97.65
2013-02-01,115.55,97.46
2013-02-04,116.06,96.21
2013-02-05,117.03,96.68
2013-02-06,116.61,96.44
2013-02-07,117.17,95.84
2013-02-08,118.9,95.71
2013-02-11,118.29,97.01
2013-02-12,117.89,97.48
2013-02-13,118.43,97.03
2013-02-14,118.48,97.3
2013-02-15,117.4,95.95
2013-02-18,,
2013-02-19,117.04,96.69
2013-02-20,116.23,94.92
2013-02-21,114.19,92.79
2013-02-22,113.74,93.12
2013-02-25,114.55,92.74
2013-02-26,112.96,92.63
2013-02-27,112.24,92.84
2013-02-28,112.2,92.03
2013-03-01,110.14,90.71
2013-03-04,109.9,90.13
2013-03-05,110.42,90.88
2013-03-06,110.27,90.47
2013-03-07,110.42,91.53
2013-03-08,108.91,92.01
2013-03-11,108.64,92.07
2013-03-12,108.48,92.44
2013-03-13,107.51,92.47
2013-03-14,108.1,93.03
2013-03-15,109.32,93.49
2013-03-18,108.54,93.71
2013-03-19,106.91,92.44
2013-03-20,108.27,93.21
2013-03-21,106.41,92.46
2013-03-22,106.51,93.41
2013-03-25,106.66,94.55
2013-03-26,107.1,95.99
2013-03-27,108.51,96.53
2013-03-28,108.46,97.24
2013-03-29,,
2013-04-01,108.76,97.1
2013-04-02,109.66,97.23
2013-04-03,107.82,95.02
2013-04-04,105.09,93.26
2013-04-05,103.98,92.76
2013-04-08,103.16,93.36
2013-04-09,104.08,94.18
2013-04-10,104.8,94.59
2013-04-11,103.62,93.44
2013-04-12,100.58,91.23
2013-04-15,99.32,88.75
2013-04-16,97.88,88.73
2013-04-17,96.84,86.65
2013-04-18,97.48,87.83
2013-04-19,98.94,88.04
2013-04-22,99.07,88.81
2013-04-23,99.25,89.21
2013-04-24,100.71,91.07
2013-04-25,101.62,93.27
2013-04-26,102.39,92.63
2013-04-29,102.88,94.09
2013-04-30,101.53,93.22
2013-05-01,98.34,90.74
2013-05-02,100.32,93.7
2013-05-03,104.6,95.25
2013-05-06,105.0,95.8
2013-05-07,105.18,95.28
2013-05-08,103.79,96.24
2013-05-09,103.59,96.09
2013-05-10,101.31,95.81
2013-05-13,102.17,94.76
2013-05-14,102.7,93.96
2013-05-15,101.57,93.95
2013-05-16,104.27,94.85
2013-05-17,103.83,95.72
2013-05-20,104.55,96.29
2013-05-21,103.1,95.55
2013-05-22,102.14,93.98
2013-05-23,100.46,94.12
2013-05-24,101.24,93.84
2013-05-27,,
2013-05-28,103.77,94.65
2013-05-29,102.14,93.13
2013-05-30,101.79,93.57
2013-05-31,100.43,91.93
2013-06-03,101.63,93.41
2013-06-04,102.04,93.36
2013-06-05,103.51,93.66
2013-06-06,103.37,94.71
2013-06-07,104.07,96.11
2013-06-10,103.87,95.82
2013-06-11,101.5,95.5
2013-06-12,103.11,95.98
2013-06-13,103.38,96.66
2013-06-14,105.1,97.83
2013-06-17,105.8,97.86
2013-06-18,105.21,98.46
2013-06-19,105.56,98.24
2013-06-20,102.72,94.89
2013-06-21,100.36,93.81
2013-06-24,99.8,95.07
2013-06-25,101.51,95.25
2013-06-26,100.62,95.47
2013-06-27,102.74,97.0
2013-06-28,102.49,96.36
2013-07-01,103.19,97.94
2013-07-02,103.96,99.65
2013-07-03,106.12,101.92
2013-07-04,,
2013-07-05,107.46,103.09
2013-07-08,107.75,103.03
2013-07-09,107.9,103.46
2013-07-10,108.43,106.41
2013-07-11,108.18,104.77
2013-07-12,109.03,105.85
2013-07-15,109.05,106.2
2013-07-16,109.29,105.88
2013-07-17,109.67,106.39
2013-07-18,109.71,107.94
2013-07-19,109.34,108.0
2013-07-22,108.82,106.61
2013-07-23,109.27,107.13
2013-07-24,108.23,105.41
2013-07-25,108.1,105.47
2013-07-26,107.57,104.76
2013-07-29,108.1,104.61
2013-07-30,107.47,103.14
2013-07-31,107.89,105.1
2013-08-01,109.94,107.93
2013-08-02,109.63,106.94
2013-08-05,109.81,106.61
2013-08-06,108.77,105.32
2013-08-07,108.39,104.41
2013-08-08,107.32,103.45
2013-08-09,108.49,106.04
2013-08-12,109.28,106.19
2013-08-13,110.69,106.78
2013-08-14,110.26,106.89
2013-08-15,111.58,107.43
2013-08-16,111.82,107.58
2013-08-19,111.41,107.14
2013-08-20,110.74,104.9
2013-08-21,110.82,103.93
2013-08-22,110.51,104.93
2013-08-23,112.12,106.48
2013-08-26,112.23,105.88
2013-08-27,115.21,109.11
2013-08-28,116.27,110.17
2013-08-29,116.91,108.51
2013-08-30,115.97,107.98
2013-09-02,,
2013-09-03,115.49,108.67
2013-09-04,115.65,107.29
2013-09-05,115.81,108.5
2013-09-06,117.15,110.62
2013-09-09,115.2,109.62
2013-09-10,112.1,107.48
2013-09-11,112.37,107.65
2013-09-12,113.11,108.72
2013-09-13,113.31,108.31
2013-09-16,110.86,106.54
2013-09-17,109.05,105.36
2013-09-18,109.09,108.23
2013-09-19,110.66,106.26
2013-09-20,110.22,104.7
2013-09-23,108.56,103.62
2013-09-24,107.68,103.22
2013-09-25,109.46,102.68
2013-09-26,108.86,103.1
2013-09-27,109.45,102.86
2013-09-30,107.85,102.36
2013-10-01,107.32,102.09
2013-10-02,109.09,104.15
2013-10-03,109.49,103.29
2013-10-04,109.42,103.83
2013-10-07,109.66,103.07
2013-10-08,110.56,103.54
2013-10-09,109.02,101.63
2013-10-10,111.63,103.08
2013-10-11,110.65,102.17
2013-10-14,110.13,102.46
2013-10-15,110.67,101.15
2013-10-16,110.79,102.34
2013-10-17,109.55,100.72
2013-10-18,109.4,100.87
2013-10-21,109.47,99.28
2013-10-22,109.57,97.63
2013-10-23,107.74,96.9
2013-10-24,106.63,96.65
2013-10-25,105.7,97.4
2013-10-28,108.29,98.74
2013-10-29,108.04,98.29
2013-10-30,108.41,96.81
2013-10-31,107.53,96.29
2013-11-01,105.78,94.56
2013-11-04,104.85,94.58
2013-11-05,105.01,93.4
2013-11-06,105.46,94.74
2013-11-07,103.08,94.25
2013-11-08,104.29,94.56
2013-11-11,105.76,95.13
2013-11-12,106.29,93.12
2013-11-13,106.9,93.91
2013-11-14,108.29,93.76
2013-11-15,108.25,93.8
2013-11-18,108.8,93.03
2013-11-19,108.29,93.35
2013-11-20,108.27,93.34
2013-11-21,109.9,95.35
2013-11-22,111.36,94.53
2013-11-25,110.83,93.86
2013-11-26,112.04,93.41
2013-11-27,111.32,92.05
2013-11-28,,
2013-11-29,111.07,92.55
2013-12-02,111.49,93.61
2013-12-03,113.06,95.83
2013-12-04,113.27,96.97
2013-12-05,112.07,97.14
2013-12-06,111.5,97.48
2013-12-09,110.07,97.1
2013-12-10,108.91,98.32
2013-12-11,109.47,97.25
2013-12-12,108.99,97.21
2013-12-13,108.08,96.27
2013-12-16,110.3,97.18
2013-12-17,108.91,96.99
2013-12-18,109.56,97.59
2013-12-19,110.78,98.4
2013-12-20,112.15,99.11
2013-12-23,111.58,98.62
2013-12-24,111.57,98.87
2013-12-25,,
2013-12-26,111.65,99.18
2013-12-27,112.06,99.94
2013-12-30,110.47,98.9
2013-12-31,109.95,98.17
2014-01-01,,
2014-01-02,107.94,95.14
2014-01-03,106.57,93.66
2014-01-06,106.71,93.12
2014-01-07,107.01,93.31
2014-01-08,107.42,91.9
2014-01-09,107.49,91.36
2014-01-10,106.44,92.39
2014-01-13,108.02,91.45
2014-01-14,107.12,92.15
2014-01-15,108.09,93.78
2014-01-16,107.46,93.54
2014-01-17,108.45,93.96
2014-01-20,108.01,
2014-01-21,109.17,94.51
2014-01-22,109.69,96.35
2014-01-23,109.69,97.23
2014-01-24,109.14,96.66
2014-01-27,108.72,95.82
2014-01-28,109.1,97.49
2014-01-29,108.83,97.34
2014-01-30,109.36,98.25
2014-01-31,108.16,97.55
2014-02-03,106.55,96.44
2014-02-04,107.04,97.24
2014-02-05,106.81,97.4
2014-02-06,108.15,97.84
2014-02-07,110.12,99.98
2014-02-10,110.18,100.12
2014-02-11,109.21,99.96
2014-02-12,108.62,100.38
2014-02-13,108.98,100.27
2014-02-14,108.63,100.31
2014-02-17,,
2014-02-18,110.14,102.54
2014-02-19,110.37,103.46
2014-02-20,109.42,103.2
2014-02-21,109.03,102.53
2014-02-24,109.76,103.17
2014-02-25,109.19,102.2
2014-02-26,109.39,102.93
2014-02-27,108.54,102.68
2014-02-28,108.98,102.88
2014-03-03,111.26,105.34
2014-03-04,109.17,103.64
2014-03-05,108.15,101.75
2014-03-06,107.99,101.82
2014-03-07,109.14,102.82
2014-03-10,108.27,101.39
2014-03-11,108.35,100.29
2014-03-12,107.88,98.29
2014-03-13,107.48,98.57
2014-03-14,108.08,99.23
2014-03-17,106.99,98.43
2014-03-18,106.79,100.08
2014-03-19,105.95,100.71
2014-03-20,105.73,99.68
2014-03-21,107.2,99.97
2014-03-24,106.59,100.05
2014-03-25,107.01,99.66
2014-03-26,105.9,100.61
2014-03-27,106.58,101.25
2014-03-28,106.64,101.73
2014-03-31,105.95,101.57
2014-04-01,105.7,99.69
2014-04-02,103.37,99.6
2014-04-03,104.88,100.29
2014-04-04,106.41,101.16
2014-04-07,104.89,100.43
2014-04-08,105.83,102.57
2014-04-09,107.39,103.55
2014-04-10,107.1,103.37
2014-04-11,107.34,103.68
2014-04-14,107.68,104.05
2014-04-15,109.1,103.7
2014-04-16,109.71,103.71
2014-04-17,109.79,104.33
2014-04-18,,
2014-04-21,109.69,104.35
2014-04-22,108.54,101.69
2014-04-23,108.48,101.47
2014-04-24,109.79,102.2
2014-04-25,109.53,100.85
2014-04-28,109.12,101.13
2014-04-29,109.89,101.56
2014-04-30,108.63,100.07
2014-05-01,108.63,99.69
2014-05-02,109.48,100.09
2014-05-05,109.48,99.74
2014-05-06,108.3,99.81
2014-05-07,108.17,101.06
2014-05-08,108.19,100.52
2014-05-09,108.26,100.32
2014-05-12,108.37,100.89
2014-05-13,108.78,102.01
2014-05-14,109.87,102.63
2014-05-15,109.74,101.74
2014-05-16,110.9,102.31
2014-05-19,110.84,102.95
2014-05-20,110.35,102.8
2014-05-21,111.32,104.31
2014-05-22,110.89,104.03
2014-05-23,110.19,105.01
2014-05-26,110.01,
2014-05-27,109.81,104.78
2014-05-28,109.09,103.37
2014-05-29,109.98,104.26
2014-05-30,109.21,103.4
2014-06-02,109.34,103.07
2014-06-03,108.87,103.34
2014-06-04,109.07,103.27
2014-06-05,108.43,103.17
2014-06-06,109.21,103.32
2014-06-09,110.55,105.09
2014-06-10,109.18,105.02
2014-06-11,109.83,105.04
2014-06-12,112.18,107.2
2014-06-13,113.15,107.49
2014-06-16,113.42,107.52
2014-06-17,114.02,106.95
2014-06-18,114.25,106.64
2014-06-19,115.19,107.08
2014-06-20,114.55,107.95
2014-06-23,113.62,106.83
2014-06-24,113.74,106.64
2014-06-25,112.84,107.04
2014-06-26,112.61,106.49
2014-06-27,112.62,106.46
2014-06-30,111.03,106.07
2014-07-01,110.84,106.06
2014-07-02,110.18,105.18
2014-07-03,108.98,104.76
2014-07-04,,
2014-07-07,108.7,104.19
2014-07-08,107.65,104.06
2014-07-09,106.84,102.93
2014-07-10,106.2,103.61
2014-07-11,105.77,101.48
2014-07-14,104.73,101.73
2014-07-15,104.73,100.56
2014-07-16,105.41,101.88
2014-07-17,106.04,103.84
2014-07-18,106.03,103.83
2014-07-21,105.71,105.34
2014-07-22,106.48,104.59
2014-07-23,106.85,103.81
2014-07-24,105.78,102.76
2014-07-25,106.89,105.23
2014-07-28,106.7,105.68
2014-07-29,106.98,104.91
2014-07-30,106.47,104.29
2014-07-31,104.94,98.23
2014-08-01,103.45,97.86
2014-08-04,103.63,98.26
2014-08-05,102.82,97.34
2014-08-06,104.17,96.93
2014-08-07,104.02,97.34
2014-08-08,103.36,97.61
2014-08-11,103.47,98.09
2014-08-12,101.68,97.36
2014-08-13,102.27,97.57
2014-08-14,101.15,95.54
2014-08-15,101.13,97.3
2014-08-18,99.37,96.44
2014-08-19,99.74,94.35
2014-08-20,99.92,96.4
2014-08-21,100.28,93.97
2014-08-22,100.09,93.61
2014-08-25,100.49,95.39
2014-08-26,100.5,95.78
2014-08-27,100.4,95.82
2014-08-28,100.71,96.44
2014-08-29,101.12,97.86
2014-09-01,,
2014-09-02,100.21,92.92
2014-09-03,100.88,95.5
2014-09-04,101.21,94.51
2014-09-05,99.51,93.32
2014-09-08,99.53,92.64
2014-09-09,98.08,92.73
2014-09-10,96.26,91.71
2014-09-11,96.42,92.89
2014-09-12,96.31,92.18
2014-09-15,96.43,92.86
2014-09-16,97.39,94.91
2014-09-17,97.7,94.33
2014-09-18,96.82,93.07
2014-09-19,96.75,92.43
2014-09-22,95.37,91.46
2014-09-23,94.87,91.55
2014-09-24,94.53,93.6
2014-09-25,95.2,93.59
2014-09-26,95.08,95.55
2014-09-29,95.7,94.53
2014-09-30,94.67,91.17
2014-10-01,94.57,90.74
2014-10-02,91.29,91.02
2014-10-03,90.8,89.76
2014-10-06,90.65,90.33
2014-10-07,90.9,88.89
2014-10-08,90.25,87.29
2014-10-09,90.47,85.76
2014-10-10,88.66,85.87
2014-10-13,87.82,85.73
2014-10-14,86.36,81.72
2014-10-15,84.02,81.82
2014-10-16,84.02,82.33
2014-10-17,85.27,82.8
2014-10-20,84.42,82.76
2014-10-21,85.17,83.25
2014-10-22,86.38,80.52
2014-10-23,85.94,82.81
2014-10-24,86.0,81.27
2014-10-27,85.64,81.26
2014-10-28,85.57,81.36
2014-10-29,86.91,82.25
2014-10-30,85.5,81.06
2014-10-31,84.17,80.53
2014-11-03,84.9,78.77
2014-11-04,82.12,77.15
2014-11-05,82.88,78.71
2014-11-06,82.08,77.87
2014-11-07,83.2,78.71
2014-11-10,82.9,77.43
2014-11-11,80.94,77.85
2014-11-12,80.42,77.16
2014-11-13,77.74,74.13
2014-11-14,77.51,75.91
2014-11-17,76.86,75.64
2014-11-18,77.23,74.55
2014-11-19,77.21,74.55
2014-11-20,77.61,75.63
2014-11-21,79.2,76.52
2014-11-24,79.62,75.74
2014-11-25,77.62,74.04
2014-11-26,77.39,73.7
2014-11-27,,
2014-11-28,71.89,65.94
2014-12-01,70.87,68.98
2014-12-02,71.13,66.99
2014-12-03,70.13,67.3
2014-12-04,68.48,66.73
2014-12-05,68.0,65.89
2014-12-08,65.64,63.13
2014-12-09,66.11,63.74
2014-12-10,63.32,60.99
2014-12-11,63.65,60.01
2014-12-12,61.67,57.81
2014-12-15,61.09,55.96
2014-12-16,60.26,55.97
2014-12-17,59.84,56.43
2014-12-18,58.81,54.18
2014-12-19,58.87,56.91
2014-12-22,58.31,55.25
2014-12-23,59.07,56.78
2014-12-24,58.67,55.7
2014-12-25,,
2014-12-26,58.72,54.59
2014-12-29,57.86,53.46
2014-12-30,55.6,54.14
2014-12-31,55.27,53.45
2015-01-01,,
2015-01-02,55.38,52.72
2015-01-05,51.08,50.05
2015-01-06,50.12,47.98
2015-01-07,49.06,48.69
2015-01-08,49.43,48.8
2015-01-09,47.64,48.35
2015-01-12,46.9,46.06
2015-01-13,45.13,45.92
2015-01-14,45.82,48.49
2015-01-15,47.66,46.37
2015-01-16,47.38,48.49
2015-01-19,,
2015-01-20,46.49,46.79
2015-01-21,46.5,47.85
2015-01-22,46.09,45.93
2015-01-23,46.69,45.26
2015-01-26,46.07,44.8
2015-01-27,46.55,45.84
2015-01-28,47.07,44.08
2015-01-29,46.61,44.12
2015-01-30,47.52,47.79
2015-02-02,51.74,49.25
2015-02-03,54.41,53.04
2015-02-04,55.07,48.45
2015-02-05,55.98,50.48
2015-02-06,55.88,51.66
2015-02-09,57.0,52.99
2015-02-10,55.79,50.06
2015-02-11,53.48,48.8
2015-02-12,56.23,51.17
2015-02-13,60.33,52.66
2015-02-16,61.57,
2015-02-17,60.78,53.56
2015-02-18,60.72,52.13
2015-02-19,58.78,51.12
2015-02-20,60.99,49.95
2015-02-23,59.78,49.56
2015-02-24,60.33,48.48
2015-02-25,59.77,50.25
2015-02-26,61.39,47.65
2015-02-27,61.89,49.84
2015-03-02,60.75,49.59
2015-03-03,61.18,50.43
2015-03-04,59.18,51.53
2015-03-05,60.33,50.76
2015-03-06,59.15,49.61
2015-03-09,58.67,49.95
2015-03-10,55.95,48.42
2015-03-11,56.46,48.06
2015-03-12,56.66,47.12
2015-03-13,54.8,44.88
2015-03-16,52.0,43.93
2015-03-17,52.17,43.39
2015-03-18,52.59,44.63
2015-03-19,52.96,44.02
2015-03-20,53.88,46.0
2015-03-23,53.82,47.4
2015-03-24,53.61,47.03
2015-03-25,54.18,48.75
2015-03-26,57.02,51.41
2015-03-27,56.44,48.83
2015-03-30,53.99,48.66
2015-03-31,53.69,47.72
2015-04-01,55.73,50.12
2015-04-02,55.73,49.13
2015-04-03,,
2015-04-06,55.73,52.08
2015-04-07,57.55,53.95
2015-04-08,56.42,50.44
2015-04-09,56.04,50.79
2015-04-10,56.82,51.63
2015-04-13,57.14,51.95
2015-04-14,57.69,53.3
2015-04-15,59.32,56.25
2015-04-16,60.13,56.69
2015-04-17,61.31,55.71
2015-04-20,61.2,56.37
2015-04-21,60.12,55.58
2015-04-22,60.12,56.17
2015-04-23,62.66,56.59
2015-04-24,62.96,55.98
2015-04-27,62.86,55.56
2015-04-28,62.61,57.05
2015-04-29,63.97,58.55
2015-04-30,63.9,59.62
2015-05-01,64.13,59.1
2015-05-04,64.62,58.92
2015-05-05,65.44,60.38
2015-05-06,66.22,60.93
2015-05-07,64.93,58.99
2015-05-08,63.82,59.41
2015-05-11,62.82,59.23
2015-05-12,65.09,60.72
2015-05-13,66.33,60.5
2015-05-14,65.58,59.89
2015-05-15,64.69,59.73
2015-05-18,65.15,59.44
2015-05-19,63.48,57.3
2015-05-20,63.52,58.96
2015-05-21,64.7,60.18
2015-05-22,64.7,58.88
2015-05-25,,
2015-05-26,61.65,57.29
2015-05-27,61.35,57.51
2015-05-28,60.12,57.69
2015-05-29,63.16,60.25
2015-06-01,62.87,60.24
2015-06-02,63.14,61.3
2015-06-03,62.78,59.67
2015-06-04,60.34,58.0
2015-06-05,60.36,59.11
2015-06-08,61.33,58.15
2015-06-09,63.23,60.15
2015-06-10,64.68,61.36
2015-06-11,63.76,60.74
2015-06-12,63.19,59.96
2015-06-15,60.99,59.53
2015-06-16,60.75,60.01
2015-06-17,60.75,59.89
2015-06-18,61.37,60.41
2015-06-19,59.41,59.62
2015-06-22,60.54,60.01
2015-06-23,61.67,61.05
2015-06-24,61.63,60.01
2015-06-25,60.24,59.59
2015-06-26,60.14,59.41
2015-06-29,59.03,58.34
2015-06-30,60.31,59.48
2015-07-01,61.65,56.94
2015-07-02,61.73,56.93
2015-07-03,59.06,
2015-07-06,57.19,52.48
2015-07-07,54.72,52.33
2015-07-08,55.7,51.61
2015-07-09,57.83,52.76
2015-07-10,57.72,52.74
2015-07-13,57.63,52.19
2015-07-14,57.2,53.05
2015-07-15,57.34,51.4
2015-07-16,57.31,50.9
2015-07-17,56.38,50.88
2015-07-20,56.42,50.11
2015-07-21,55.94,50.59
2015-07-22,56.36,49.27
2015-07-23,55.76,48.11
2015-07-24,54.29,47.98
2015-07-27,54.07,47.17
2015-07-28,54.3,47.97
2015-07-29,54.73,48.77
2015-07-30,54.29,48.53
2015-07-31,53.29,47.11
2015-08-03,49.49,45.25
2015-08-04,49.08,45.75
2015-08-05,49.04,45.13
2015-08-06,47.8,44.69
2015-08-07,47.54,43.87
2015-08-10,48.3,44.94
2015-08-11,47.33,43.11
2015-08-12,48.29,43.22
2015-08-13,48.01,42.27
2015-08-14,47.79,42.45
2015-08-17,47.77,41.93
2015-08-18,47.0,42.58
2015-08-19,45.75,40.75
2015-08-20,45.63,41.0
2015-08-21,43.84,40.45
2015-08-24,41.59,38.22
2015-08-25,41.86,39.15
2015-08-26,41.76,38.5
2015-08-27,44.46,42.47
2015-08-28,47.97,45.29
2015-08-31,,49.2
2015-09-01,48.8,45.38
2015-09-02,47.67,46.3
2015-09-03,50.41,46.75
2015-09-04,48.59,46.02
2015-09-07,46.42,
2015-09-08,48.88,45.92
2015-09-09,48.04,44.13
2015-09-10,47.77,45.85
2015-09-11,46.87,44.75
2015-09-14,45.87,44.07
2015-09-15,45.91,44.58
2015-09-16,49.35,47.12
2015-09-17,48.27,46.93
2015-09-18,47.28,44.71
2015-09-21,47.64,46.67
2015-09-22,46.69,46.17
2015-09-23,48.0,44.53
2015-09-24,47.06,44.94
2015-09-25,47.28,45.55
2015-09-28,46.04,44.4
2015-09-29,47.58,45.24
2015-09-30,47.29,45.06
2015-10-01,47.48,44.75
2015-10-02,46.55,45.54
2015-10-05,49.45,46.28
2015-10-06,51.34,48.53
2015-10-07,51.66,47.86
2015-10-08,52.13,49.46
2015-10-09,52.08,49.67
2015-10-12,50.95,47.09
2015-10-13,48.94,46.7
2015-10-14,48.25,46.63
2015-10-15,47.87,46.38
2015-10-16,48.96,47.3
2015-10-19,47.51,45.91
2015-10-20,46.93,45.84
2015-10-21,46.72,45.22
2015-10-22,46.59,44.9
2015-10-23,46.3,43.91
2015-10-26,46.57,43.19
2015-10-27,45.54,43.21
2015-10-28,47.6,45.93
2015-10-29,48.04,46.02
2015-10-30,48.0,46.6
2015-11-02,47.91,46.12
2015-11-03,48.0,47.88
2015-11-04,46.96,46.32
2015-11-05,47.19,45.27
2015-11-06,46.09,44.32
2015-11-09,45.38,43.87
2015-11-10,46.44,44.23
2015-11-11,44.98,42.95
2015-11-12,44.98,41.74
2015-11-13,41.98,40.69
2015-11-16,40.28,41.68
2015-11-17,41.28,40.73
2015-11-18,41.45,40.75
2015-11-19,42.22,40.55
2015-11-20,42.49,39.39
2015-11-23,43.7,39.27
2015-11-24,44.38,40.89
2015-11-25,43.56,41.22
2015-11-26,43.55,
2015-11-27,43.07,40.57
2015-11-30,43.73,40.43
2015-12-01,42.97,40.58
2015-12-02,41.92,39.93
2015-12-03,42.0,41.08
2015-12-04,41.44,40.0
2015-12-07,39.69,37.64
2015-12-08,39.44,37.46
2015-12-09,39.04,37.16
2015-12-10,38.65,36.76
2015-12-11,36.99,35.65
2015-12-14,36.51,36.31
2015-12-15,37.66,37.32
2015-12-16,36.96,35.55
2015-12-17,36.29,34.98
2015-12-18,36.76,34.72
2015-12-21,35.34,34.55
2015-12-22,35.26,36.12
2015-12-23,35.79,36.76
2015-12-24,37.22,37.62
2015-12-25,,
2015-12-28,37.08,36.36
2015-12-29,36.85,37.88
2015-12-30,35.65,36.59
2015-12-31,36.61,37.13
2016-01-01,,
2016-01-04,36.28,36.81
2016-01-05,35.56,35.97
2016-01-06,33.89,33.97
2016-01-07,33.57,33.29
2016-01-08,31.67,33.2
2016-01-11,30.14,31.42
2016-01-12,29.14,30.42
2016-01-13,28.58,30.42
2016-01-14,28.84,31.22
2016-01-15,28.8,29.45
2016-01-18,27.36,
2016-01-19,27.36,28.47
2016-01-20,26.01,26.68
2016-01-21,27.59,29.55
2016-01-22,30.46,32.07
2016-01-25,29.82,30.31
2016-01-26,30.94,29.54
2016-01-27,31.83,32.32
2016-01-28,33.01,33.21
2016-01-29,33.14,33.66
2016-02-01,32.45,31.62
2016-02-02,30.98,29.9
2016-02-03,32.38,32.29
2016-02-04,32.76,31.63
2016-02-05,32.35,30.86
2016-02-08,31.64,29.71
2016-02-09,30.15,27.96
2016-02-10,29.64,27.54
2016-02-11,28.82,26.19
2016-02-12,31.8,29.32
2016-02-15,,
2016-02-16,31.09,29.05
2016-02-17,33.21,30.68
2016-02-18,33.2,30.77
2016-02-19,31.66,29.59
2016-02-22,33.59,31.37
2016-02-23,31.9,31.84
2016-02-24,31.5,30.35
2016-02-25,32.83,31.4
2016-02-26,35.76,31.65
2016-02-29,35.92,32.74
2016-03-01,35.73,34.39
2016-03-02,36.38,34.57
2016-03-03,35.75,34.56
2016-03-04,37.61,35.91
2016-03-07,39.02,37.9
2016-03-08,39.16,36.67
2016-03-09,40.26,37.62
2016-03-10,38.63,37.77
2016-03-11,39.41,38.51
2016-03-14,38.06,37.2
2016-03-15,37.49,36.32
2016-03-16,38.38,38.43
2016-03-17,39.29,40.17
2016-03-18,39.26,39.47
2016-03-21,39.91,39.91
2016-03-22,40.54,41.45
2016-03-23,38.84,38.28
2016-03-24,38.33,38.14
2016-03-25,,
2016-03-28,38.33,37.99
2016-03-29,36.75,36.91
2016-03-30,36.75,36.91
2016-03-31,36.75,36.94
2016-04-01,36.42,35.36
2016-04-04,36.05,34.3
2016-04-05,35.88,34.52
2016-04-06,37.77,37.74
2016-04-07,37.15,37.3
2016-04-08,40.71,39.74
2016-04-11,41.58,40.46
2016-04-12,43.02,42.12
2016-04-13,42.81,41.7
2016-04-14,43.02,41.45
2016-04-15,41.32,40.4
2016-04-18,41.64,39.74
2016-04-19,43.02,40.88
2016-04-20,43.09,42.72
2016-04-21,43.48,43.18
2016-04-22,43.97,42.76
2016-04-25,42.97,41.67
2016-04-26,43.94,42.52
2016-04-27,44.17,45.29
2016-04-28,45.6,46.03
2016-04-29,45.64,45.98
2016-05-02,45.82,44.75
2016-05-03,43.09,43.65
2016-05-04,43.08,43.77
2016-05-05,44.39,44.33
2016-05-06,44.6,44.58
2016-05-09,42.43,43.45
2016-05-10,44.01,44.68
2016-05-11,46.08,46.21
2016-05-12,46.43,46.64
2016-05-13,47.05,46.22
2016-05-16,48.49,47.72
2016-05-17,48.71,48.29
2016-05-18,48.93,48.12
2016-05-19,47.01,48.16
2016-05-20,48.54,47.67
2016-05-23,47.77,48.12
2016-05-24,48.42,48.04
2016-05-25,48.87,49.1
2016-05-26,49.52,49.0
2016-05-27,49.09,49.36
2016-05-30,,
2016-05-31,49.26,49.1
2016-06-01,48.81,49.07
2016-06-02,49.05,49.14
2016-06-03,48.5,48.69
2016-06-06,48.94,49.71
2016-06-07,49.76,50.37
2016-06-08,50.73,51.23
2016-06-09,50.59,50.52
2016-06-10,49.7,49.09
2016-06-13,49.36,48.89
2016-06-14,47.88,48.49
2016-06-15,47.47,47.92
2016-06-16,45.66,46.14
2016-06-17,46.57,48.0
2016-06-20,48.68,49.4
2016-06-21,48.18,48.95
2016-06-22,48.43,49.16
2016-06-23,48.63,49.34
2016-06-24,46.69,46.7
2016-06-27,45.07,45.8
2016-06-28,46.29,47.93
2016-06-29,48.4,49.85
2016-06-30,48.05,48.27
2016-07-01,47.65,49.02
2016-07-04,48.02,
2016-07-05,45.64,46.73
2016-07-06,45.7,47.37
2016-07-07,45.93,45.22
2016-07-08,44.53,45.37
2016-07-11,44.04,44.73
2016-07-12,46.72,46.82
2016-07-13,44.67,44.87
2016-07-14,46.01,45.64
2016-07-15,46.25,45.93
2016-07-18,45.35,45.23
2016-07-19,45.7,44.64
2016-07-20,45.82,44.96
2016-07-21,44.99,43.96
2016-07-22,44.24,43.41
2016-07-25,43.76,42.4
2016-07-26,43.56,42.16
2016-07-27,42.78,41.9
2016-07-28,41.87,41.13
2016-07-29,40.76,41.54
2016-08-01,40.17,40.05
2016-08-02,40.0,39.5
2016-08-03,40.45,40.8
2016-08-04,41.33,41.92
2016-08-05,42.47,41.83
2016-08-08,43.24,43.06
2016-08-09,43.37,42.78
2016-08-10,42.19,41.75
2016-08-11,44.23,43.51
2016-08-12,45.12,44.47
2016-08-15,47.31,45.72
2016-08-16,48.27,46.57
2016-08-17,48.58,46.81
2016-08-18,49.46,48.2
2016-08-19,49.39,48.48
2016-08-22,48.1,46.8
2016-08-23,48.7,47.54
2016-08-24,47.56,46.29
2016-08-25,49.25,46.97
2016-08-26,49.66,47.64
2016-08-29,49.66,46.97
2016-08-30,47.94,46.32
2016-08-31,47.94,44.68
2016-09-01,45.05,43.17
2016-09-02,45.96,44.39
2016-09-05,46.72,
2016-09-06,46.21,44.85
2016-09-07,47.0,45.47
2016-09-08,49.23,47.63
2016-09-09,48.37,45.88
2016-09-12,47.82,46.28
2016-09-13,46.48,44.91
2016-09-14,45.65,43.62
2016-09-15,45.83,43.85
2016-09-16,45.26,43.04
2016-09-19,46.04,43.34
2016-09-20,45.24,43.85
2016-09-21,45.99,45.33
2016-09-22,47.21,46.1
2016-09-23,46.71,44.36
2016-09-26,46.61,45.6
2016-09-27,44.95,44.65
2016-09-28,45.49,47.07
2016-09-29,48.43,47.72
2016-09-30,48.24,47.72
2016-10-03,48.61,48.8
2016-10-04,48.81,48.67
2016-10-05,49.57,49.75
2016-10-06,50.14,50.44
2016-10-07,50.49,49.76
2016-10-10,51.54,49.76
2016-10-11,50.48,50.72
2016-10-12,49.53,50.14
2016-10-13,49.29,50.47
2016-10-14,48.87,50.35
2016-10-17,49.31,49.97
2016-10-18,49.81,50.3
2016-10-19,51.85,51.59
2016-10-20,50.42,50.31
2016-10-21,50.28,50.61
2016-10-24,49.8,50.18
2016-10-25,49.08,49.45
2016-10-26,48.98,48.75
2016-10-27,49.13,49.71
2016-10-28,47.78,48.72
2016-10-31,46.2,46.83
2016-11-01,45.77,46.66
2016-11-02,44.26,45.32
2016-11-03,43.84,44.66
2016-11-04,43.06,44.07
2016-11-07,42.83,44.88
2016-11-08,43.47,44.96
2016-11-09,43.88,45.2
2016-11-10,43.67,44.62
2016-11-11,41.61,43.39
2016-11-14,41.83,43.29
2016-11-15,44.15,45.86
2016-11-16,45.07,45.56
2016-11-17,44.57,45.37
2016-11-18,44.41,45.69
2016-11-21,45.96,47.48
2016-11-22,46.1,48.07
2016-11-23,46.54,46.72
2016-11-24,47.54,
2016-11-25,46.32,46.72
2016-11-28,46.64,45.66
2016-11-29,44.68,45.29
2016-11-30,47.95,49.41
2016-12-01,52.28,51.08
2016-12-02,52.35,51.7
2016-12-05,53.3,51.72
2016-12-06,52.31,50.95
2016-12-07,51.9,49.85
2016-12-08,51.6,50.84
2016-12-09,52.19,51.51
2016-12-12,53.99,52.74
2016-12-13,53.28,52.99
2016-12-14,53.15,51.01
2016-12-15,51.72,50.9
2016-12-16,54.15,51.93
2016-12-19,53.53,52.13
2016-12-20,54.56,52.22
2016-12-21,53.01,51.44
2016-12-22,54.04,51.98
2016-12-23,53.93,52.01
2016-12-26,,
2016-12-27,,52.82
2016-12-28,54.95,54.01
2016-12-29,54.97,53.8
2016-12-30,54.96,53.75
2017-01-02,,
2017-01-03,55.05,52.36
2017-01-04,54.57,53.26
2017-01-05,54.99,53.77
2017-01-06,55.9,53.98
2017-01-09,54.39,51.95
2017-01-10,53.2,50.82
2017-01-11,53.61,52.19
2017-01-12,54.51,53.01
2017-01-13,54.37,52.36
2017-01-16,54.3,
2017-01-17,54.68,52.45
2017-01-18,53.77,51.12
2017-01-19,53.18,51.39
2017-01-20,55.04,52.33
2017-01-23,54.8,52.77
2017-01-24,54.7,52.38
2017-01-25,54.34,52.14
2017-01-26,55.89,53.24
2017-01-27,54.8,53.18
2017-01-30,54.77,52.63
2017-01-31,55.25,52.75
2017-02-01,55.79,53.9
2017-02-02,55.94,53.55
2017-02-03,55.92,53.81
2017-02-06,55.02,53.01
2017-02-07,53.79,52.19
2017-02-08,54.42,52.37
2017-02-09,53.98,52.99
2017-02-10,55.2,53.84
2017-02-13,54.15,52.96
2017-02-14,54.96,53.21
2017-02-15,54.57,53.11
2017-02-16,54.16,53.41
2017-02-17,54.48,53.41
2017-02-20,55.25,
2017-02-21,56.34,54.02
2017-02-22,54.9,53.61
2017-02-23,55.82,54.48
2017-02-24,54.69,53.99
2017-02-27,54.65,54.04
2017-02-28,53.36,54.0
2017-03-01,55.72,53.82
2017-03-02,54.16,52.63
2017-03-03,54.12,53.33
2017-03-06,54.73,53.19
2017-03-07,54.61,52.68
2017-03-08,53.3,49.83
2017-03-09,50.65,48.75
2017-03-10,50.63,48.05
2017-03-13,50.1,47.95
2017-03-14,49.6,47.24
2017-03-15,50.63,48.34
2017-03-16,50.56,48.3
2017-03-17,50.58,48.34
2017-03-20,50.67,47.79
2017-03-21,50.14,47.02
2017-03-22,49.56,47.29
2017-03-23,50.17,47.0
2017-03-24,49.97,47.3
2017-03-27,50.12,47.02
2017-03-28,50.72,48.36
2017-03-29,51.36,49.47
2017-03-30,52.25,50.3
2017-03-31,52.2,50.54
2017-04-03,52.04,50.25
2017-04-04,53.08,50.99
2017-04-05,53.41,51.14
2017-04-06,53.62,51.69
2017-04-07,54.24,52.25
2017-04-10,54.79,53.06
2017-04-11,54.73,53.38
2017-04-12,54.75,53.12
2017-04-13,55.05,53.19
2017-04-14,,
2017-04-17,54.79,52.62
2017-04-18,52.6,52.46
2017-04-19,52.43,50.49
2017-04-20,50.66,50.26
2017-04-21,49.93,49.64
2017-04-24,49.45,48.9
2017-04-25,49.37,49.22
2017-04-26,49.99,49.22
2017-04-27,49.46,48.96
2017-04-28,49.46,49.31
2017-05-01,50.41,48.83
2017-05-02,49.31,47.65
2017-05-03,48.82,47.79
2017-05-04,47.53,45.55
2017-05-05,47.45,46.23
2017-05-08,46.61,46.46
2017-05-09,47.06,45.84
2017-05-10,48.09,47.28
2017-05-11,49.18,47.81
2017-05-12,49.08,47.83
2017-05-15,51.29,48.86
2017-05-16,51.21,48.64
2017-05-17,51.76,49.04
2017-05-18,51.71,49.36
2017-05-19,52.78,50.32
2017-05-22,53.35,50.81
2017-05-23,53.19,51.12
2017-05-24,53.29,50.99
2017-05-25,52.25,48.57
2017-05-26,50.84,49.58
2017-05-29,52.25,
2017-05-30,50.65,49.63
2017-05-31,49.4,48.29
2017-06-01,50.41,48.32
2017-06-02,48.46,47.68
2017-06-05,48.25,47.4
2017-06-06,48.11,48.13
2017-06-07,47.08,45.8
2017-06-08,46.3,45.68
2017-06-09,46.64,45.82
2017-06-12,47.18,46.1
2017-06-13,46.95,46.41
2017-06-14,45.47,44.79
2017-06-15,45.61,44.47
2017-06-16,45.7,44.73
2017-06-19,45.93,44.24
2017-06-20,43.98,43.34
2017-06-21,44.62,42.48
2017-06-22,44.46,42.53
2017-06-23,44.14,42.86
2017-06-26,44.09,43.24
2017-06-27,46.17,44.25
2017-06-28,46.45,44.74
2017-06-29,47.02,44.88
2017-06-30,47.08,46.02
2017-07-03,49.13,
2017-07-04,49.15,
2017-07-05,47.58,45.11
2017-07-06,48.53,45.52
2017-07-07,46.47,44.25
2017-07-10,46.57,44.4
2017-07-11,46.68,45.06
2017-07-12,46.73,45.48
2017-07-13,47.65,46.06
2017-07-14,47.89,46.53
2017-07-17,47.66,46.02
2017-07-18,47.92,46.4
2017-07-19,48.34,47.1
2017-07-20,48.54,46.73
2017-07-21,47.47,45.78
2017-07-24,47.81,46.21
2017-07-25,49.19,47.77
2017-07-26,50.08,48.58
2017-07-27,50.67,49.05
2017-07-28,52.0,49.72
2017-07-31,51.99,50.21
2017-08-01,50.77,49.19
2017-08-02,52.09,49.6
2017-08-03,52.88,49.03
2017-08-04,52.48,49.57
2017-08-07,51.42,49.37
2017-08-08,52.18,49.07
2017-08-09,52.16,49.59
2017-08-10,52.59,48.54
2017-08-11,51.47,48.81
2017-08-14,51.29,47.59
2017-08-15,49.9,47.57
2017-08-16,50.39,46.8
2017-08-17,50.37,47.07
2017-08-18,50.96,48.59
2017-08-21,51.94,47.39
2017-08-22,52.29,47.65
2017-08-23,52.31,48.45
2017-08-24,51.73,47.24
2017-08-25,51.87,47.65
2017-08-28,51.87,46.4
2017-08-29,51.64,46.46
2017-08-30,51.91,45.96
2017-08-31,52.69,47.26
2017-09-01,53.15,47.32
2017-09-04,52.6,
2017-09-05,53.63,48.63
2017-09-06,54.48,49.13
2017-09-07,54.16,49.1
2017-09-08,54.55,47.44
2017-09-11,54.2,48.06
2017-09-12,55.06,48.21
2017-09-13,55.52,49.3
2017-09-14,56.76,49.86
2017-09-15,56.18,49.9
2017-09-18,55.5,49.88
2017-09-19,56.58,49.54
2017-09-20,57.2,50.29
2017-09-21,57.73,50.58
2017-09-22,58.16,50.33
2017-09-25,59.42,51.85
2017-09-26,59.77,51.59
2017-09-27,58.74,52.14
2017-09-28,58.8,51.62
2017-09-29,57.02,51.67
2017-10-02,55.67,50.59
2017-10-03,56.12,50.44
2017-10-04,56.0,50.0
2017-10-05,57.09,50.79
2017-10-06,55.5,49.34
2017-10-09,55.29,49.58
2017-10-10,56.62,50.93
2017-10-11,56.13,51.3
2017-10-12,56.13,50.61
2017-10-13,56.86,51.43
2017-10-16,57.49,51.86
2017-10-17,57.63,51.87
2017-10-18,58.05,52.05
2017-10-19,57.82,51.29
2017-10-20,57.89,51.63
2017-10-23,57.69,51.91
2017-10-24,57.84,52.32
2017-10-25,58.45,51.97
2017-10-26,58.75,52.41
2017-10-27,60.15,53.92
2017-10-30,60.65,54.11
2017-10-31,61.35,54.36
2017-11-01,60.98,54.32
2017-11-02,60.79,54.55
2017-11-03,61.42,55.63
2017-11-06,64.27,57.34
2017-11-07,64.36,57.19
2017-11-08,63.96,56.82
2017-11-09,64.49,57.16
2017-11-10,64.35,56.75
2017-11-13,62.94,56.77
2017-11-14,60.91,55.67
2017-11-15,61.25,55.28
2017-11-16,61.18,55.14
2017-11-17,61.34,56.21
2017-11-20,61.34,56.21
2017-11-21,62.28,56.84
2017-11-22,62.92,57.88
2017-11-23,63.27,
2017-11-24,63.58,58.94
2017-11-27,63.25,58.1
2017-11-28,63.56,57.96
2017-11-29,63.74,57.25
2017-11-30,63.53,57.4
2017-12-01,64.57,58.35
2017-12-04,63.45,57.48
2017-12-05,63.45,57.66
2017-12-06,62.25,55.79
2017-12-07,62.37,56.5
2017-12-08,63.86,57.15
2017-12-11,65.62,57.84
2017-12-12,64.96,57.12
2017-12-13,63.66,56.59
2017-12-14,63.72,57.0
2017-12-15,63.81,57.29
2017-12-18,64.45,57.17
2017-12-19,63.69,57.49
2017-12-20,64.43,58.09
2017-12-21,64.64,58.34
2017-12-22,64.61,58.25
2017-12-25,,
2017-12-26,,59.55
2017-12-27,66.03,59.67
2017-12-28,66.8,59.84
2017-12-29,66.73,60.46
2018-01-01,,
2018-01-02,66.65,60.37
2018-01-03,67.85,61.61
2018-01-04,68.73,61.98
2018-01-05,68.01,61.49
2018-01-08,68.48,61.73
2018-01-09,69.08,62.92
2018-01-10,69.79,63.6
2018-01-11,70.36,63.81
2018-01-12,69.64,64.22
2018-01-15,70.31,
2018-01-16,69.4,63.82
2018-01-17,69.19,63.92
2018-01-18,69.48,63.96
2018-01-19,68.56,63.38
2018-01-22,69.32,63.66
2018-01-23,69.81,64.45
2018-01-24,69.91,65.69
2018-01-25,71.08,65.62
2018-01-26,70.08,66.27
2018-01-29,68.41,65.71
2018-01-30,67.78,64.64
2018-01-31,67.78,64.82
2018-02-01,68.6,65.92
2018-02-02,67.45,65.5
2018-02-05,67.69,64.18
2018-02-06,66.75,63.48
2018-02-07,65.74,61.91
2018-02-08,64.26,61.3
2018-02-09,63.04,59.2
2018-02-12,62.2,59.41
2018-02-13,61.94,59.33
2018-02-14,62.29,60.7
2018-02-15,62.86,61.48
2018-02-16,64.3,61.89
2018-02-19,64.95,
2018-02-20,64.68,61.91
2018-02-21,64.81,61.73
2018-02-22,66.12,62.72
2018-02-23,67.04,63.52
2018-02-26,67.96,63.81
2018-02-27,67.59,62.94
2018-02-28,66.08,61.43
2018-03-01,64.23,60.98
2018-03-02,64.26,61.19
2018-03-05,65.78,62.49
2018-03-06,65.67,62.54
2018-03-07,65.09,61.09
2018-03-08,63.87,60.13
2018-03-09,65.19,62.02
2018-03-12,64.53,61.35
2018-03-13,64.2,60.69
2018-03-14,63.61,60.89
2018-03-15,63.67,61.16
2018-03-16,64.68,62.29
2018-03-19,64.82,62.01
2018-03-20,66.0,63.37
2018-03-21,68.15,65.1
2018-03-22,68.98,64.25
2018-03-23,69.03,65.8
2018-03-26,68.81,65.49
2018-03-27,68.63,65.21
2018-03-28,68.13,64.3
2018-03-29,69.02,64.87
2018-03-30,,
2018-04-02,,63.05
2018-04-03,69.02,63.41
2018-04-04,66.04,63.35
2018-04-05,66.54,63.53
2018-04-06,66.51,62.03
2018-04-09,68.19,63.4
2018-04-10,70.67,65.48
2018-04-11,72.74,66.81
2018-04-12,71.44,67.07
2018-04-13,73.18,67.35
2018-04-16,72.05,66.23
2018-04-17,71.71,66.5
2018-04-18,73.73,68.44
2018-04-19,74.85,68.3
2018-04-20,74.62,68.26
2018-04-23,74.54,67.61
2018-04-24,75.86,67.66
2018-04-25,73.79,68.0
2018-04-26,75.39,68.18
2018-04-27,75.33,68.11
2018-04-30,75.92,68.56
2018-05-01,74.85,67.28
2018-05-02,73.14,67.91
2018-05-03,73.45,68.45
2018-05-04,74.75,69.71
2018-05-07,,70.74
2018-05-08,74.16,68.83
2018-05-09,77.6,71.16
2018-05-10,77.59,71.36
2018-05-11,77.37,70.69
2018-05-14,78.17,71.01
2018-05-15,78.94,71.34
2018-05-16,78.19,71.43
2018-05-17,80.09,71.47
2018-05-18,78.38,71.23
2018-05-21,78.34,72.26
2018-05-22,80.42,72.09
2018-05-23,78.69,71.85
2018-05-24,78.9,70.77
2018-05-25,76.6,67.92
2018-05-28,,
2018-05-29,74.51,66.8
2018-05-30,75.89,68.24
2018-05-31,76.45,66.98
2018-06-01,74.54,65.81
2018-06-04,73.41,64.76
2018-06-05,72.91,65.51
2018-06-06,73.23,64.75
2018-06-07,75.23,65.96
2018-06-08,75.11,65.77
2018-06-11,74.58,66.1
2018-06-12,74.86,66.38
2018-06-13,75.07,66.63
2018-06-14,74.77,66.91
2018-06-15,72.02,65.01
2018-06-18,74.87,65.91
2018-06-19,74.92,65.09
2018-06-20,74.25,65.92
2018-06-21,72.87,65.68
2018-06-22,73.67,69.02
2018-06-25,72.82,69.91
2018-06-26,73.58,75.23
2018-06-27,76.09,77.41
2018-06-28,76.26,73.45
2018-06-29,77.44,74.13
2018-07-02,76.71,73.89
2018-07-03,75.87,74.19
2018-07-04,76.99,
2018-07-05,77.09,73.05
2018-07-06,74.98,73.78
2018-07-09,77.08,73.93
2018-07-10,77.8,74.11
2018-07-11,75.35,70.47
2018-07-12,72.11,70.28
2018-07-13,74.11,71.03
2018-07-16,71.03,68.22
2018-07-17,70.87,68.03
2018-07-18,70.52,68.78
2018-07-19,71.94,69.42
2018-07-20,71.99,70.31
2018-07-23,73.45,67.9
2018-07-24,73.53,70.77
2018-07-25,73.67,71.13
2018-07-26,74.51,71.59
2018-07-27,74.84,68.66
2018-07-30,74.99,71.19
2018-07-31,74.16,69.88
2018-08-01,72.28,68.8
2018-08-02,72.95,68.95
2018-08-03,72.48,68.49
2018-08-06,72.51,69.01
2018-08-07,72.31,69.17
2018-08-08,70.71,66.92
2018-08-09,70.55,66.81
2018-08-10,71.0,67.61
2018-08-13,70.62,67.25
2018-08-14,70.77,67.04
2018-08-15,68.38,65.07
2018-08-16,69.21,65.44
2018-08-17,70.14,65.93
2018-08-20,71.11,66.5
2018-08-21,71.65,67.32
2018-08-22,72.96,67.85
2018-08-23,73.73,69.13
2018-08-24,74.41,69.71
2018-08-27,74.41,69.97
2018-08-28,75.91,68.54
2018-08-29,76.07,69.68
2018-08-30,77.05,70.25
2018-08-31,76.94,69.84
2018-09-03,77.81,
2018-09-04,77.51,69.82
2018-09-05,76.68,68.69
2018-09-06,75.67,67.81
2018-09-07,75.55,67.73
2018-09-10,76.77,67.55
2018-09-11,78.22,69.29
2018-09-12,80.02,70.37
2018-09-13,77.66,68.6
2018-09-14,77.87,68.98
2018-09-17,78.22,68.86
2018-09-18,79.25,69.87
2018-09-19,79.43,71.08
2018-09-20,79.03,70.77
2018-09-21,78.9,70.8
2018-09-24,80.89,73.23
2018-09-25,82.21,73.4
2018-09-26,81.87,72.22
2018-09-27,81.54,72.18
2018-09-28,82.72,73.16
2018-10-01,84.94,75.37
2018-10-02,85.63,75.16
2018-10-03,85.45,76.4
2018-10-04,86.07,74.44
2018-10-05,85.12,74.26
2018-10-08,84.22,74.27
2018-10-09,85.16,74.95
2018-10-10,83.82,73.18
2018-10-11,81.35,70.97
2018-10-12,80.71,71.41
2018-10-15,80.91,71.84
2018-10-16,80.53,71.93
2018-10-17,79.91,69.63
2018-10-18,80.3,68.63
2018-10-19,80.38,69.16
2018-10-22,80.45,69.25
2018-10-23,78.67,66.49
2018-10-24,77.34,66.56
2018-10-25,77.3,67.25
2018-10-26,77.4,67.58
2018-10-29,77.56,67.0
2018-10-30,75.68,66.18
2018-10-31,74.84,65.31
2018-11-01,71.25,63.67
2018-11-02,71.11,63.12
2018-11-05,72.68,63.12
2018-11-06,70.64,62.16
2018-11-07,70.1,61.69
2018-11-08,69.29,60.71
2018-11-09,69.01,60.19
2018-11-12,69.81,59.85
2018-11-13,65.45,55.63
2018-11-14,64.88,56.16
2018-11-15,65.61,56.45
2018-11-16,65.29,56.49
2018-11-19,64.14,57.16
2018-11-20,61.5,53.39
2018-11-21,61.65,54.41
2018-11-22,61.11,
2018-11-23,57.69,
2018-11-26,59.7,51.46
2018-11-27,59.58,51.31
2018-11-28,57.97,50.06
2018-11-29,58.29,51.46
2018-11-30,57.71,50.78
2018-12-03,60.17,52.98
2018-12-04,61.22,53.21
2018-12-05,61.4,52.64
2018-12-06,57.83,51.54
2018-12-07,61.71,52.76
2018-12-10,60.29,51.07
2018-12-11,59.73,51.65
2018-12-12,59.94,51.04
2018-12-13,59.03,52.69
2018-12-14,58.56,51.26
2018-12-17,57.59,49.8
2018-12-18,55.26,46.12
2018-12-19,55.6,47.96
2018-12-20,52.84,45.64
2018-12-21,51.93,45.38
2018-12-24,,
2018-12-25,,
2018-12-26,,46.04
2018-12-27,51.49,44.48
2018-12-28,50.57,45.15
2018-12-31,,
2019-01-01,,
2019-01-02,54.06,46.31
2019-01-03,53.23,46.92
2019-01-04,55.64,47.76
2019-01-07,57.1,48.27
2019-01-08,56.91,49.58
2019-01-09,59.46,52.19
2019-01-10,60.47,52.42
2019-01-11,59.24,51.44
2019-01-14,58.8,50.31
2019-01-15,58.65,51.8
2019-01-16,59.81,52.08
2019-01-17,59.85,51.83
2019-01-18,62.04,53.6
2019-01-21,62.18,
2019-01-22,60.9,52.59
2019-01-23,61.05,52.44
2019-01-24,61.09,52.94
2019-01-25,61.49,53.53
2019-01-28,59.71,51.79
2019-01-29,60.98,53.07
2019-01-30,61.89,54.18
2019-01-31,62.46,53.84
2019-02-01,61.86,55.29
2019-02-04,62.26,54.57
2019-02-05,61.67,53.69
2019-02-06,62.22,53.94
2019-02-07,61.01,52.68
2019-02-08,61.37,52.75
2019-02-11,61.3,52.43
2019-02-12,62.58,53.14
2019-02-13,63.27,53.84
2019-02-14,64.0,54.4
2019-02-15,65.65,55.58
2019-02-18,66.41,
2019-02-19,65.86,56.12
2019-02-20,66.82,56.9
2019-02-21,66.91,56.95
2019-02-22,66.91,57.01
2019-02-25,64.02,55.32
2019-02-26,64.51,55.4
2019-02-27,65.55,56.92
2019-02-28,65.03,57.21
2019-03-01,63.71,55.76
2019-03-04,64.44,56.6
2019-03-05,64.24,56.55
2019-03-06,64.51,56.22
2019-03-07,64.82,56.6
2019-03-08,65.66,55.77
2019-03-11,65.06,56.79
2019-03-12,65.33,56.89
2019-03-13,65.89,58.27
2019-03-14,66.18,58.59
2019-03-15,66.11,58.51
2019-03-18,66.65,59.09
2019-03-19,67.13,59.12
2019-03-20,68.35,60.12
2019-03-21,68.3,59.98
2019-03-22,66.29,58.87
2019-03-25,67.37,58.71
2019-03-26,67.51,59.87
2019-03-27,67.35,59.39
2019-03-28,66.08,59.29
2019-03-29,67.93,60.19
2019-04-01,69.08,61.59
2019-04-02,69.68,62.53
2019-04-03,69.21,62.46
2019-04-04,69.8,62.12
2019-04-05,69.93,63.1
2019-04-08,71.12,64.37
2019-04-09,71.02,64.05
2019-04-10,71.63,64.62
2019-04-11,71.3,63.61
2019-04-12,71.57,63.86
2019-04-15,70.9,63.43
2019-04-16,70.74,64.01
2019-04-17,71.14,63.74
2019-04-18,70.71,64.02
2019-04-19,,
2019-04-22,70.71,65.66
2019-04-23,74.39,66.24
2019-04-24,73.59,65.96
2019-04-25,74.94,65.23
2019-04-26,71.03,63.29
2019-04-29,71.22,63.39
2019-04-30,72.19,63.83
2019-05-01,72.01,63.55
2019-05-02,70.56,61.75
2019-05-03,71.95,61.98
2019-05-06,71.95,62.3
2019-05-07,70.98,61.41
2019-05-08,71.09,62.13
2019-05-09,70.61,61.58
2019-05-10,71.63,61.65
2019-05-13,72.35,60.97
2019-05-14,72.53,61.82
2019-05-15,73.09,62.03
2019-05-16,74.7,62.93
2019-05-17,73.94,62.77
2019-05-20,73.21,63.12
2019-05-21,72.94,63.02
2019-05-22,71.94,61.42
2019-05-23,68.37,57.65
2019-05-24,67.98,58.4
2019-05-27,,
2019-05-28,70.19,58.91
2019-05-29,70.64,58.84
2019-05-30,69.55,56.47
2019-05-31,66.78,53.49
2019-06-03,63.16,53.25
2019-06-04,63.56,53.5
2019-06-05,62.14,51.57
2019-06-06,62.77,52.59
2019-06-07,64.1,53.95
2019-06-10,64.31,53.33
2019-06-11,63.56,53.3
2019-06-12,61.66,51.13
2019-06-13,63.28,52.38
2019-06-14,63.13,52.47
2019-06-17,62.56,51.94
2019-06-18,63.35,53.86
2019-06-19,62.85,53.74
2019-06-20,65.44,56.88
2019-06-21,65.99,57.35
2019-06-24,65.16,57.73
2019-06-25,66.24,57.63
2019-06-26,66.85,59.17
2019-06-27,66.78,59.18
2019-06-28,67.52,58.2
2019-07-01,65.1,58.91
2019-07-02,62.72,56.0
2019-07-03,63.53,57.06
2019-07-04,63.62,
2019-07-05,64.23,
2019-07-08,64.89,57.35
2019-07-09,64.3,57.57
2019-07-10,66.41,60.28
2019-07-11,67.64,59.93
2019-07-12,66.65,59.99
2019-07-15,66.86,59.3
2019-07-16,65.87,57.44
2019-07-17,63.67,56.5
2019-07-18,60.7,55.08
2019-07-19,61.04,55.42
2019-07-22,61.96,55.87
2019-07-23,62.28,56.58
2019-07-24,63.83,55.9
2019-07-25,63.47,55.88
2019-07-26,62.46,56.04
2019-07-29,62.29,56.85
2019-07-30,62.55,58.04
2019-07-31,64.07,58.53
2019-08-01,62.9,53.64
2019-08-02,61.12,55.67
2019-08-05,59.32,54.63
2019-08-06,58.63,53.6
2019-08-07,55.03,51.14
2019-08-08,56.29,52.6
2019-08-09,57.37,54.41
2019-08-12,57.13,54.98
2019-08-13,59.9,57.05
2019-08-14,57.86,55.16
2019-08-15,57.37,54.51
2019-08-16,59.0,54.83
2019-08-19,59.79,56.24
2019-08-20,59.03,56.18
2019-08-21,60.6,55.65
2019-08-22,59.81,55.33
2019-08-23,58.64,54.08
2019-08-26,58.64,53.54
2019-08-27,58.44,54.99
2019-08-28,60.42,55.76
2019-08-29,60.59,56.67
2019-08-30,61.04,55.07
2019-09-02,58.55,
2019-09-03,57.93,53.91
2019-09-04,60.68,56.22
2019-09-05,62.7,56.33
2019-09-06,61.28,56.45
2019-09-09,63.99,57.88
2019-09-10,64.67,57.37
2019-09-11,63.02,55.66
2019-09-12,60.76,55.13
2019-09-13,61.25,54.76
2019-09-16,68.42,63.1
2019-09-17,65.59,59.26
2019-09-18,64.29,58.19
2019-09-19,64.25,58.19
2019-09-20,65.23,57.92
2019-09-23,64.66,58.69
2019-09-24,64.13,57.22
2019-09-25,62.41,56.38
2019-09-26,62.08,56.24
2019-09-27,62.48,55.95
2019-09-30,60.99,54.09
2019-10-01,60.06,53.6
2019-10-02,57.92,52.67
2019-10-03,58.01,52.41
2019-10-04,59.13,52.84
2019-10-07,59.46,52.76
2019-10-08,58.14,52.64
2019-10-09,59.7,52.63
2019-10-10,59.08,53.57
2019-10-11,60.59,54.76
2019-10-14,58.81,53.57
2019-10-15,59.19,52.81
2019-10-16,59.3,53.42
2019-10-17,59.35,53.89
2019-10-18,59.96,53.75
2019-10-21,58.95,53.28
2019-10-22,60.5,54.21
2019-10-23,60.52,55.9
2019-10-24,61.71,56.11
2019-10-25,62.06,56.52
2019-10-28,60.39,55.6
2019-10-29,61.05,55.34
2019-10-30,60.22,54.85
2019-10-31,59.3,54.02
2019-11-01,60.17,56.04
2019-11-04,62.52,56.33
2019-11-05,62.72,57.04
2019-11-06,62.11,56.15
2019-11-07,62.6,56.91
2019-11-08,62.0,57.02
2019-11-11,62.58,
2019-11-12,62.19,56.67
2019-11-13,62.27,56.88
2019-11-14,62.46,56.57
2019-11-15,63.32,57.54
2019-11-18,62.82,56.82
2019-11-19,62.37,54.93
2019-11-20,63.8,56.71
2019-11-21,64.99,58.36
2019-11-22,64.83,57.68
2019-11-25,64.67,57.79
2019-11-26,64.82,58.25
2019-11-27,65.03,58.12
2019-11-28,64.68,
2019-11-29,64.5,58.12
2019-12-02,63.2,55.97
2019-12-03,62.95,56.15
2019-12-04,65.25,58.46
2019-12-05,65.67,58.42
2019-12-06,66.5,59.2
2019-12-09,66.44,58.99
2019-12-10,66.57,59.22
2019-12-11,65.37,58.74
2019-12-12,66.67,59.18
2019-12-13,67.44,60.11
2019-12-16,68.04,60.21
2019-12-17,68.99,60.88
2019-12-18,69.12,60.93
2019-12-19,69.7,61.3
2019-12-20,68.66,60.43
2019-12-23,67.49,60.51
2019-12-24,69.26,61.17
2019-12-25,,
2019-12-26,69.26,61.72
2019-12-27,68.91,61.76
2019-12-30,68.3,61.66
2019-12-31,67.77,61.14
2020-01-01,,
2020-01-02,67.05,61.17
2020-01-03,69.08,63.0
2020-01-06,70.25,63.27
2020-01-07,68.74,62.7
2020-01-08,67.31,59.65
2020-01-09,66.58,59.56
2020-01-10,66.77,59.02
2020-01-13,64.14,58.17
2020-01-14,64.45,58.34
2020-01-15,63.29,57.86
2020-01-16,64.63,58.52
2020-01-17,64.05,58.55
2020-01-20,64.63,
2020-01-21,63.66,58.25
2020-01-22,62.11,56.76
2020-01-23,61.26,55.51
2020-01-24,59.34,54.09
2020-01-27,58.54,53.09
2020-01-28,59.37,53.33
2020-01-29,59.46,53.29
2020-01-30,57.72,52.19
2020-01-31,57.77,51.58
2020-02-03,54.0,50.06
2020-02-04,53.9,49.59
2020-02-05,55.36,50.87
2020-02-06,55.18,50.94
2020-02-07,54.53,50.34
2020-02-10,53.39,49.59
2020-02-11,54.0,50.0
2020-02-12,55.54,51.13
2020-02-13,56.34,51.41
2020-02-14,57.37,52.03
2020-02-17,57.83,
2020-02-18,57.35,52.1
2020-02-19,59.72,53.31
2020-02-20,59.57,53.77
2020-02-21,58.6,53.36
2020-02-24,56.71,51.36
2020-02-25,55.29,49.78
2020-02-26,54.96,48.67
2020-02-27,52.19,47.17
2020-02-28,51.31,44.83
2020-03-02,52.52,46.78
2020-03-03,52.24,47.27
2020-03-04,51.86,46.78
2020-03-05,51.29,45.9
2020-03-06,45.6,41.14
2020-03-09,35.33,31.05
2020-03-10,35.57,34.47
2020-03-11,34.45,33.13
2020-03-12,31.02,31.56
2020-03-13,32.25,31.72
2020-03-16,27.98,28.96
2020-03-17,27.97,26.96
2020-03-18,22.79,20.48
2020-03-19,23.98,25.09
2020-03-20,25.55,19.48
2020-03-23,23.75,23.33
2020-03-24,24.5,21.03
2020-03-25,25.62,20.75
2020-03-26,23.55,16.6
2020-03-27,22.39,15.48
2020-03-30,19.19,14.1
2020-03-31,14.85,20.51
2020-04-01,14.97,20.28
2020-04-02,20.24,25.18
2020-04-03,24.33,28.36
2020-04-06,22.58,26.21
2020-04-07,22.1,23.54
2020-04-08,25.22,24.97
2020-04-09,20.23,22.9
2020-04-10,,
2020-04-13,,22.36
2020-04-14,21.74,20.15
2020-04-15,19.8,19.96
2020-04-16,18.69,19.82
2020-04-17,19.75,18.31
2020-04-20,17.36,-36.98
2020-04-21,9.12,8.91
2020-04-22,13.77,13.64
2020-04-23,15.06,15.06
2020-04-24,15.87,15.99
2020-04-27,15.17,12.17
2020-04-28,15.6,12.4
2020-04-29,17.86,15.04
2020-04-30,18.11,19.23
2020-05-01,18.49,19.72
2020-05-04,20.4,20.47
2020-05-05,25.46,24.56
2020-05-06,24.2,23.88
2020-05-07,24.23,23.68
2020-05-08,,24.73
2020-05-11,25.53,24.02
2020-05-12,26.67,25.76
2020-05-13,27.89,25.37
2020-05-14,29.87,27.4
2020-05-15,30.95,29.44
2020-05-18,33.3,31.83
2020-05-19,33.06,32.3
2020-05-20,34.76,33.56
2020-05-21,34.78,34.3
2020-05-22,33.8,33.49
2020-05-25,,
2020-05-26,33.95,34.7
2020-05-27,32.73,32.8
2020-05-28,33.98,33.67
2020-05-29,34.15,35.57
2020-06-01,36.74,35.49
2020-06-02,37.72,36.88
2020-06-03,37.98,37.33
2020-06-04,38.41,37.42
2020-06-05,41.0,39.49
2020-06-08,39.66,38.17
2020-06-09,40.45,38.98
2020-06-10,41.18,39.54
2020-06-11,37.76,36.43
2020-06-12,38.54,36.24
2020-06-15,39.44,37.07
2020-06-16,40.75,38.26
2020-06-17,40.47,37.91
2020-06-18,41.75,38.79
2020-06-19,42.33,39.72
2020-06-22,43.2,40.6
2020-06-23,42.72,40.4
2020-06-24,40.4,37.91
2020-06-25,41.18,38.66
2020-06-26,40.97,38.53
2020-06-29,41.58,39.67
2020-06-30,41.64,39.27
2020-07-01,42.18,39.88
2020-07-02,43.19,40.57
2020-07-03,42.92,
2020-07-06,42.73,40.51
2020-07-07,43.28,40.59
2020-07-08,43.67,40.91
2020-07-09,42.35,39.64
2020-07-10,43.27,40.56
2020-07-13,42.85,40.06
2020-07-14,42.97,40.3
2020-07-15,43.96,41.2
2020-07-16,43.71,40.74
2020-07-17,43.53,40.55
2020-07-20,43.3,40.83
2020-07-21,44.31,41.76
2020-07-22,43.98,41.88
2020-07-23,42.96,40.99
2020-07-24,43.29,41.23
2020-07-27,43.39,41.46
2020-07-28,43.11,40.89
2020-07-29,43.51,41.13
2020-07-30,42.98,39.85
2020-07-31,43.13,40.1
2020-08-03,43.76,40.83
2020-08-04,43.99,41.67
2020-08-05,44.92,42.25
2020-08-06,45.04,41.93
2020-08-07,44.07,41.16
2020-08-10,44.19,41.94
2020-08-11,43.68,41.53
2020-08-12,45.09,42.6
2020-08-13,44.87,42.26
2020-08-14,44.86,42.05
2020-08-17,44.91,42.89
2020-08-18,45.34,42.89
2020-08-19,45.21,42.91
2020-08-20,44.56,42.62
2020-08-21,43.94,42.32
2020-08-24,44.43,42.44
2020-08-25,46.01,43.17
2020-08-26,45.79,43.21
2020-08-27,44.84,42.88
2020-08-28,45.22,42.96
2020-08-31,,42.61
2020-09-01,45.72,42.76
2020-09-02,42.7,42.76
2020-09-03,42.72,41.39
2020-09-04,41.1,39.69
2020-09-07,40.67,
2020-09-08,38.53,36.87
2020-09-09,39.98,38.05
2020-09-10,39.27,37.25
2020-09-11,38.8,37.33
2020-09-14,38.57,37.23
2020-09-15,39.54,38.29
2020-09-16,41.23,40.17
2020-09-17,42.35,40.99
2020-09-18,42.16,41.09
2020-09-21,40.37,39.26
2020-09-22,40.84,39.55
2020-09-23,41.09,39.92
2020-09-24,41.24,40.11
2020-09-25,40.91,40.06
2020-09-28,41.59,40.47
2020-09-29,40.33,39.03
2020-09-30,40.3,40.05
2020-10-01,39.75,38.51
2020-10-02,38.0,36.9
2020-10-05,39.78,39.12
2020-10-06,41.27,40.52
2020-10-07,40.62,39.82
2020-10-08,42.0,41.04
2020-10-09,41.63,40.44
2020-10-12,40.5,39.22
2020-10-13,41.34,40.03
2020-10-14,41.81,40.86
2020-10-15,41.61,40.84
2020-10-16,41.34,40.7
2020-10-19,41.29,40.69
2020-10-20,41.62,41.37
2020-10-21,40.09,39.88
2020-10-22,41.28,40.46
2020-10-23,40.71,39.73
2020-10-26,39.06,38.39
2020-10-27,39.72,39.34
2020-10-28,37.86,37.27
2020-10-29,36.56,35.94
2020-10-30,36.33,35.64
2020-11-02,37.78,36.6
2020-11-03,38.17,37.44
2020-11-04,39.68,38.97
2020-11-05,39.47,38.56
2020-11-06,38.08,36.97
2020-11-09,40.93,40.05
2020-11-10,42.25,41.18
2020-11-11,42.5,41.23
2020-11-12,42.16,40.9
2020-11-13,41.51,39.93
2020-11-16,42.71,41.14
2020-11-17,42.54,41.24
2020-11-18,42.91,41.64
2020-11-19,43.09,41.57
2020-11-20,43.79,41.99
2020-11-23,45.0,42.91
2020-11-24,46.63,44.71
2020-11-25,47.3,45.58
2020-11-26,46.32,
2020-11-27,46.88,
2020-11-30,46.84,45.2
2020-12-01,47.03,44.54
2020-12-02,47.8,45.23
2020-12-03,48.37,45.65
2020-12-04,49.1,46.23
2020-12-07,48.63,45.72
2020-12-08,48.84,45.64
2020-12-09,48.81,45.48
2020-12-10,50.33,46.76
2020-12-11,50.01,46.59
2020-12-14,50.27,47.02
2020-12-15,50.77,47.58
2020-12-16,50.83,47.86
2020-12-17,51.2,48.34
2020-12-18,52.17,49.04
2020-12-21,50.61,47.79
2020-12-22,49.88,47.02
2020-12-23,51.05,47.94
2020-12-24,50.88,48.18
2020-12-25,,
2020-12-28,50.88,47.5
2020-12-29,50.44,47.85
2020-12-30,50.74,48.24
2020-12-31,51.22,48.35
2021-01-01,,
2021-01-04,50.37,47.47
2021-01-05,53.16,49.78
2021-01-06,53.8,50.45
2021-01-07,53.7,50.63
2021-01-08,55.51,52.14
2021-01-11,54.84,52.15
2021-01-12,55.98,53.08
2021-01-13,55.52,52.81
2021-01-14,55.76,53.47
2021-01-15,54.8,52.25
2021-01-18,54.21,
2021-01-19,55.38,52.87
2021-01-20,55.66,53.16
2021-01-21,55.68,53.0
2021-01-22,55.22,52.28
2021-01-25,55.44,52.78
2021-01-26,55.26,52.61
2021-01-27,55.07,52.81
2021-01-28,54.87,52.26
2021-01-29,55.25,52.16
2021-02-01,56.42,53.55
2021-02-02,57.62,54.77
2021-02-03,58.61,55.67
2021-02-04,58.98,56.19
2021-02-05,59.48,56.8
2021-02-08,60.17,57.95
2021-02-09,60.74,58.34
2021-02-10,61.17,58.69
2021-02-11,61.09,58.22
2021-02-12,62.47,59.5
2021-02-15,63.58,
2021-02-16,63.96,60.07
2021-02-17,65.02,61.09
2021-02-18,64.09,60.4
2021-02-19,62.84,59.12
2021-02-22,64.73,61.67
2021-02-23,65.16,61.66
2021-02-24,66.85,63.21
2021-02-25,66.69,63.43
2021-02-26,65.86,61.55
2021-03-01,64.56,60.54
2021-03-02,63.17,59.7
2021-03-03,64.7,61.33
2021-03-04,67.32,63.81
2021-03-05,69.95,66.08
2021-03-08,68.0,65.03
2021-03-09,67.03,64.02
2021-03-10,67.53,64.45
2021-03-11,69.34,66.02
2021-03-12,68.87,65.59
2021-03-15,68.78,65.36
2021-03-16,67.95,64.82
2021-03-17,67.73,64.55
2021-03-18,62.11,59.95
2021-03-19,64.0,61.43
2021-03-22,63.89,61.48
2021-03-23,59.96,57.75
2021-03-24,63.7,61.12
2021-03-25,61.21,58.47
2021-03-26,63.77,60.93
2021-03-29,64.06,61.49
2021-03-30,63.28,60.55
2021-03-31,63.52,59.19
2021-04-01,63.85,61.41
2021-04-02,,
2021-04-05,,58.73
2021-04-06,61.47,59.34
2021-04-07,61.86,59.77
2021-04-08,62.09,59.61
2021-04-09,61.89,59.29
2021-04-12,62.38,59.7
2021-04-13,62.83,60.2
2021-04-14,66.11,63.15
2021-04-15,66.13,63.42
2021-04-16,65.98,63.16
2021-04-19,66.54,63.33
2021-04-20,65.34,62.61
2021-04-21,64.02,61.34
2021-04-22,65.07,61.45
2021-04-23,65.75,62.18
2021-04-26,65.5,62.02
2021-04-27,66.25,63.03
2021-04-28,67.08,63.81
2021-04-29,68.26,65.0
2021-04-30,67.73,63.5
2021-05-03,,64.46
2021-05-04,68.91,65.72
2021-05-05,69.71,65.63
2021-05-06,68.62,64.73
2021-05-07,68.73,64.96
2021-05-10,68.61,64.92
2021-05-11,68.83,65.31
2021-05-12,69.62,65.96
2021-05-13,67.36,63.82
2021-05-14,69.24,65.32
2021-05-17,69.62,66.24
2021-05-18,69.01,65.49
2021-05-19,66.88,63.28
2021-05-20,65.18,61.95
2021-05-21,66.72,63.61
2021-05-24,68.59,66.13
2021-05-25,68.8,66.27
2021-05-26,68.93,66.41
2021-05-27,69.43,66.87
2021-05-28,69.36,66.31
2021-05-31,,
2021-06-01,70.03,67.8
2021-06-02,70.6,68.79
2021-06-03,70.71,68.81
2021-06-04,71.3,69.57
2021-06-07,70.89,69.21
2021-06-08,71.39,70.11
2021-06-09,71.31,69.9
2021-06-10,71.65,70.34
2021-06-11,72.05,71.0
2021-06-14,72.27,70.94
2021-06-15,73.38,72.06
2021-06-16,73.88,72.03
2021-06-17,72.92,71.06
2021-06-18,73.1,71.64
2021-06-21,74.49,73.64
2021-06-22,74.92,73.15
2021-06-23,75.22,73.11
2021-06-24,75.95,73.31
2021-06-25,76.45,74.21
2021-06-28,74.78,72.98
2021-06-29,75.38,73.14
2021-06-30,76.94,73.52
2021-07-01,76.69,75.33
2021-07-02,77.51,75.37
2021-07-05,78.34,
2021-07-06,75.81,73.62
2021-07-07,74.31,72.22
2021-07-08,75.07,72.98
2021-07-09,77.14,74.56
2021-07-12,76.77,74.21
2021-07-13,77.5,75.24
2021-07-14,75.74,73.06
2021-07-15,74.53,71.67
2021-07-16,74.46,71.76
2021-07-19,69.33,66.45
2021-07-20,70.03,67.32
2021-07-21,72.54,70.26
2021-07-22,74.25,72.15
2021-07-23,74.86,72.24
2021-07-26,74.79,72.15
2021-07-27,74.87,71.68
2021-07-28,75.09,72.37
2021-07-29,76.3,73.62
2021-07-30,77.72,73.93
2021-08-02,73.91,71.31
2021-08-03,73.24,70.64
2021-08-04,70.99,68.19
2021-08-05,72.14,69.1
2021-08-06,71.02,68.26
2021-08-09,69.65,66.56
2021-08-10,71.14,68.33
2021-08-11,71.99,69.3
2021-08-12,71.79,69.12
2021-08-13,70.9,68.36
2021-08-16,70.07,67.44
2021-08-17,69.4,66.5
2021-08-18,68.61,65.36
2021-08-19,66.8,63.69
2021-08-20,65.51,62.25
2021-08-23,69.07,65.65
2021-08-24,71.21,67.5
2021-08-25,72.12,68.54
2021-08-26,70.42,67.42
2021-08-27,72.26,68.84
2021-08-30,,69.28
2021-08-31,73.45,68.43
2021-09-01,71.99,68.63
2021-09-02,73.56,70.07
2021-09-03,73.07,69.34
2021-09-06,72.43,
2021-09-07,71.52,68.49
2021-09-08,72.36,69.36
2021-09-09,71.32,68.26
2021-09-10,72.44,69.82
2021-09-13,72.97,70.54
2021-09-14,73.05,70.53
2021-09-15,74.84,72.59
2021-09-16,75.14,72.69
2021-09-17,74.64,72.09
2021-09-20,73.59,70.41
2021-09-21,73.65,70.51
2021-09-22,75.5,72.37
2021-09-23,76.44,73.43
2021-09-24,77.42,74.18
2021-09-27,78.85,75.54
2021-09-28,78.3,75.44
2021-09-29,77.86,75.06
2021-09-30,77.81,75.22
2021-10-01,79.4,76.01
2021-10-04,81.44,77.68
2021-10-05,82.72,79.17
2021-10-06,81.39,77.66
2021-10-07,82.34,78.46
2021-10-08,82.17,79.55
2021-10-11,83.75,80.64
2021-10-12,83.53,80.75
2021-10-13,83.53,80.67
2021-10-14,83.86,81.43
2021-10-15,84.67,82.39
2021-10-18,84.13,82.62
2021-10-19,85.02,83.19
2021-10-20,85.76,84.4
2021-10-21,84.58,82.64
2021-10-22,85.43,84.53
2021-10-25,84.85,84.64
2021-10-26,85.11,85.64
2021-10-27,84.12,82.66
2021-10-28,83.4,82.78
2021-10-29,83.1,83.5
2021-11-01,84.51,84.08
2021-11-02,84.42,83.91
2021-11-03,81.1,80.82
2021-11-04,80.15,78.88
2021-11-05,82.43,81.25
2021-11-08,83.22,81.96
2021-11-09,84.52,84.12
2021-11-10,82.91,81.23
2021-11-11,83.4,81.47
2021-11-12,82.9,80.87
2021-11-15,81.94,80.85
2021-11-16,82.85,80.76
2021-11-17,80.67,78.32
2021-11-18,82.45,78.92
2021-11-19,80.24,76.11
2021-11-22,80.97,76.74
2021-11-23,83.43,78.32
2021-11-24,82.37,78.32
2021-11-25,82.05,
2021-11-26,72.37,
2021-11-29,73.34,69.88
2021-11-30,70.86,66.14
2021-12-01,69.53,65.44
2021-12-02,70.56,66.6
2021-12-03,70.71,66.39
2021-12-06,73.38,69.62
2021-12-07,75.54,71.94
2021-12-08,75.94,72.43
2021-12-09,74.1,70.87
2021-12-10,74.98,71.71
2021-12-13,74.12,71.19
2021-12-14,73.37,70.57
2021-12-15,73.71,70.89
2021-12-16,74.64,72.34
2021-12-17,72.97,70.93
2021-12-20,70.51,68.69
2021-12-21,72.85,71.1
2021-12-22,74.69,72.82
2021-12-23,76.26,73.89
2021-12-24,75.24,
2021-12-27,,75.49
2021-12-28,,76.01
2021-12-29,78.63,76.58
2021-12-30,78.61,76.83
2021-12-31,77.24,75.33
2022-01-03,78.25,75.99
2022-01-04,79.39,77.0
2022-01-05,80.6,77.83
2022-01-06,81.99,79.47
2022-01-07,82.28,79.0
2022-01-10,81.56,78.11
2022-01-11,84.98,81.17
2022-01-12,85.83,82.51
2022-01-13,85.8,81.97
2022-01-14,87.17,83.82
2022-01-17,87.82,
2022-01-18,88.83,85.42
2022-01-19,89.64,86.84
2022-01-20,89.75,86.29
2022-01-21,89.75,85.16
2022-01-24,87.74,84.48
2022-01-25,89.49,86.61
2022-01-26,91.22,88.33
2022-01-27,90.7,87.61
2022-01-28,91.47,87.67
2022-01-31,92.35,89.16
2022-02-01,90.24,88.22
2022-02-02,91.43,88.16
2022-02-03,92.99,90.17
2022-02-04,96.86,92.27
2022-02-07,97.28,91.25
2022-02-08,96.07,89.32
2022-02-09,94.95,89.57
2022-02-10,96.37,89.83
2022-02-11,97.5,93.1
2022-02-14,101.66,95.52
2022-02-15,98.43,92.07
2022-02-16,97.44,93.83
2022-02-17,95.28,91.78
2022-02-18,96.18,91.26
2022-02-21,98.95,
2022-02-22,98.73,92.11
2022-02-23,99.29,92.14
2022-02-24,101.29,92.77
2022-02-25,98.56,91.68
2022-02-28,103.08,96.13
2022-03-01,110.93,103.66
2022-03-02,118.94,110.74
2022-03-03,115.36,107.69
2022-03-04,123.86,115.77
2022-03-07,129.02,119.26
2022-03-08,133.18,123.64
2022-03-09,116.58,108.81
2022-03-10,114.54,105.93
2022-03-11,118.11,109.31
2022-03-14,110.39,103.22
2022-03-15,105.14,96.42
2022-03-16,104.61,94.85
2022-03-17,113.5,102.97
2022-03-18,114.32,104.69
2022-03-21,122.29,112.14
2022-03-22,121.53,111.03
2022-03-23,127.52,114.89
2022-03-24,123.98,114.2
2022-03-25,122.67,116.2
2022-03-28,114.5,107.55
2022-03-29,112.79,104.25
2022-03-30,115.59,107.81
2022-03-31,107.29,100.53
2022-04-01,106.13,99.32
2022-04-04,108.15,103.29
2022-04-05,106.6,101.98
2022-04-06,100.81,96.39
2022-04-07,99.83,96.05
2022-04-08,101.26,98.35
2022-04-11,97.92,94.22
2022-04-12,104.42,100.52
2022-04-13,108.49,104.26
2022-04-14,110.83,106.84
2022-04-15,,
2022-04-18,,108.24
2022-04-19,105.49,102.54
2022-04-20,105.05,102.56
2022-04-21,107.2,103.89
2022-04-22,105.15,102.86
2022-04-25,99.27,99.6
2022-04-26,102.89,102.62
2022-04-27,103.3,101.96
2022-04-28,105.78,105.47
2022-04-29,108.36,104.59
2022-05-02,,105.18
2022-05-03,104.94,102.53
2022-05-04,110.53,107.84
2022-05-05,112.11,108.17
2022-05-06,113.86,109.72
2022-05-09,106.67,103.08
2022-05-10,102.61,99.74
2022-05-11,107.7,105.5
2022-05-12,108.06,106.15
2022-05-13,112.12,110.52
2022-05-16,114.86,114.07
2022-05-17,112.89,112.31
2022-05-18,110.04,109.67
2022-05-19,113.22,112.21
2022-05-20,113.63,112.63
2022-05-23,115.13,110.32
2022-05-24,115.77,112.55
2022-05-25,116.41,112.88
2022-05-26,119.81,116.19
2022-05-27,121.19,114.96
2022-05-30,123.01,
2022-05-31,125.53,114.38
2022-06-01,122.2,115.26
2022-06-02,,116.88
2022-06-03,125.68,118.97
2022-06-06,124.99,118.41
2022-06-07,126.89,119.55
2022-06-08,129.2,121.94
2022-06-09,128.47,121.52
2022-06-10,127.44,120.73
2022-06-13,128.44,120.92
2022-06-14,127.02,118.92
2022-06-15,124.96,115.32
2022-06-16,125.78,117.56
2022-06-17,119.22,109.56
2022-06-20,118.25,
2022-06-21,118.51,110.49
2022-06-22,115.54,106.22
2022-06-23,114.5,105.75
2022-06-24,117.36,109.07
2022-06-27,119.69,111.44
2022-06-28,122.21,113.66
2022-06-29,120.8,111.65
2022-06-30,119.78,107.76
2022-07-01,119.21,110.3
2022-07-04,121.8,
2022-07-05,110.49,101.55
2022-07-06,108.54,100.31
2022-07-07,113.4,104.62
2022-07-08,113.95,106.78
2022-07-11,114.85,106.09
2022-07-12,106.98,97.69
2022-07-13,107.17,98.44
2022-07-14,107.74,97.79
2022-07-15,112.26,99.59
2022-07-18,117.27,104.48
2022-07-19,114.96,106.12
2022-07-20,115.86,104.45
2022-07-21,112.81,98.44
2022-07-22,106.77,97.71
2022-07-25,108.23,99.83
2022-07-26,107.32,97.74
2022-07-27,109.64,100.03
2022-07-28,109.68,99.11
2022-07-29,111.51,101.31
2022-08-01,106.09,96.59
2022-08-02,106.51,97.14
2022-08-03,101.82,93.25
2022-08-04,97.99,91.29
2022-08-05,100.31,91.77
2022-08-08,103.46,93.52
2022-08-09,103.81,93.18
2022-08-10,105.06,94.68
2022-08-11,107.19,97.02
2022-08-12,103.7,94.86
2022-08-15,98.25,92.24
2022-08-16,95.36,89.23
2022-08-17,97.22,90.85
2022-08-18,96.35,93.2
2022-08-19,96.45,93.55
2022-08-22,95.06,93.42
2022-08-23,99.49,96.46
2022-08-24,99.87,95.52
2022-08-25,98.81,93.33
2022-08-26,101.13,93.63
2022-08-29,,97.4
2022-08-30,99.34,92.08
2022-08-31,96.55,90.09
2022-09-01,92.24,87.09
2022-09-02,93.09,87.29
2022-09-05,94.22,
2022-09-06,91.43,87.35
2022-09-07,86.83,82.5
2022-09-08,87.99,84.04
2022-09-09,91.68,87.27
2022-09-12,93.45,88.18
2022-09-13,92.04,87.84
2022-09-14,92.83,88.88
2022-09-15,89.28,85.72
2022-09-16,89.43,85.57
2022-09-19,,86.15
2022-09-20,89.62,84.69
2022-09-21,89.86,83.38
2022-09-22,90.4,84.02
2022-09-23,84.29,79.07
2022-09-26,82.55,77.17
2022-09-27,85.97,78.91
2022-09-28,89.55,82.61
2022-09-29,89.41,81.78
2022-09-30,88.9,79.91
2022-10-03,90.68,84.05
2022-10-04,93.74,86.87
2022-10-05,94.35,88.22
2022-10-06,95.65,88.9
2022-10-07,98.88,93.07
2022-10-10,97.13,91.6
2022-10-11,95.17,89.75
2022-10-12,93.44,87.83
2022-10-13,95.16,89.59
2022-10-14,92.22,86.1
2022-10-17,91.04,86.0
2022-10-18,89.46,83.29
2022-10-19,91.34,86.0
2022-10-20,91.52,86.02
2022-10-21,91.82,85.47
2022-10-24,91.57,86.12
2022-10-25,91.76,86.93
2022-10-26,92.93,89.39
2022-10-27,94.17,89.06
2022-10-28,94.64,87.85
2022-10-31,93.3,86.54
2022-11-01,95.12,88.36
2022-11-02,96.07,90.06
2022-11-03,95.29,88.14
2022-11-04,99.53,92.58
2022-11-07,99.87,91.8
2022-11-08,96.85,88.8
2022-11-09,93.05,85.79
2022-11-10,94.25,86.52
2022-11-11,96.37,89.14
2022-11-14,93.59,85.85
2022-11-15,94.3,86.87
2022-11-16,92.61,85.62
2022-11-17,91.0,81.69
2022-11-18,88.93,80.07
2022-11-21,88.44,79.74
2022-11-22,88.65,80.83
2022-11-23,85.9,77.93
2022-11-24,85.59,
2022-11-25,83.4,76.45
2022-11-28,83.5,77.1
2022-11-29,83.22,77.96
2022-11-30,85.61,80.48
2022-12-01,86.28,81.06
2022-12-02,86.54,79.86
2022-12-05,83.36,76.83
2022-12-06,79.92,74.21
2022-12-07,77.11,71.93
2022-12-08,76.02,71.3
2022-12-09,76.37,71.05
2022-12-12,78.0,72.96
2022-12-13,80.14,75.44
2022-12-14,83.33,77.14
2022-12-15,82.34,75.89
2022-12-16,80.2,74.19
2022-12-19,81.66,75.05
2022-12-20,79.45,75.92
2022-12-21,80.25,78.17
2022-12-22,79.58,77.68
2022-12-23,82.45,79.57
2022-12-26,,
2022-12-27,,79.45
2022-12-28,81.7,78.89
2022-12-29,80.96,78.43
2022-12-30,82.82,80.16
2023-01-02,,
2023-01-03,80.36,76.87
2023-01-04,75.31,72.82
2023-01-05,76.73,73.61
2023-01-06,76.41,73.77
2023-01-09,77.5,74.69
2023-01-10,78.4,75.11
2023-01-11,81.11,77.46
2023-01-12,82.59,78.32
2023-01-13,83.43,79.9
2023-01-16,82.65,
2023-01-17,84.38,80.25
2023-01-18,83.78,79.53
2023-01-19,85.08,80.31
2023-01-20,86.96,81.27
2023-01-23,87.54,81.62
2023-01-24,85.25,79.86
2023-01-25,85.08,79.78
2023-01-26,86.29,80.64
2023-01-27,85.36,79.73
2023-01-30,84.9,77.97
2023-01-31,83.42,78.95
2023-02-01,81.61,76.34
2023-02-02,80.57,75.87
2023-02-03,78.85,73.4
2023-02-06,80.48,74.11
2023-02-07,82.92,77.17
2023-02-08,84.17,78.47
2023-02-09,83.46,78.04
2023-02-10,85.46,79.74
2023-02-13,85.98,80.14
2023-02-14,84.96,79.08
2023-02-15,84.11,78.57
2023-02-16,83.84,78.45
2023-02-17,81.97,76.31
2023-02-20,82.79,
2023-02-21,82.14,76.28
2023-02-22,79.55,73.95
2023-02-23,82.08,75.26
2023-02-24,82.31,76.19
2023-02-27,81.24,75.57
2023-02-28,83.21,76.88
2023-03-01,83.68,77.57
2023-03-02,84.15,78.05
2023-03-03,85.74,79.62
2023-03-06,85.86,80.39
2023-03-07,83.03,77.45
2023-03-08,82.1,76.56
2023-03-09,81.0,75.6
2023-03-10,82.3,76.55
2023-03-13,79.67,74.68
2023-03-14,76.77,71.18
2023-03-15,74.3,67.38
2023-03-16,73.12,68.15
2023-03-17,71.03,66.61
2023-03-20,72.42,67.56
2023-03-21,74.78,69.4
2023-03-22,76.08,70.71
2023-03-23,74.31,69.77
2023-03-24,73.63,69.22
2023-03-27,76.8,72.87
2023-03-28,78.07,73.12
2023-03-29,77.51,72.95
2023-03-30,78.45,74.32
2023-03-31,79.19,75.68
2023-04-03,85.81,80.4
2023-04-04,85.7,80.7
2023-04-05,85.89,80.69
2023-04-06,86.56,80.7
2023-04-07,,
2023-04-10,,79.79
2023-04-11,87.32,81.54
2023-04-12,88.31,83.26
2023-04-13,86.51,82.16
2023-04-14,87.31,82.58
2023-04-17,85.63,80.93
2023-04-18,85.48,80.85
2023-04-19,85.34,79.18
2023-04-20,83.29,77.27
2023-04-21,83.36,77.86
2023-04-24,84.23,78.64
2023-04-25,82.13,77.05
2023-04-26,79.19,74.33
2023-04-27,80.11,74.77
2023-04-28,81.32,76.78
2023-05-01,,75.65
2023-05-02,76.71,71.71
2023-05-03,72.91,68.62
2023-05-04,73.0,68.52
2023-05-05,75.85,71.32
2023-05-08,,73.13
2023-05-09,77.76,73.68
2023-05-10,76.7,72.53
2023-05-11,75.32,70.81
2023-05-12,74.54,70.02
2023-05-15,75.46,71.07
2023-05-16,75.15,70.85
2023-05-17,76.98,72.78
2023-05-18,75.75,71.82
2023-05-19,75.42,71.57
2023-05-22,75.77,71.81
2023-05-23,76.66,72.87
2023-05-24,77.99,74.37
2023-05-25,75.66,71.68
2023-05-26,76.33,72.35
2023-05-29,,
2023-05-30,73.38,69.45
2023-05-31,71.98,68.11
2023-06-01,74.18,70.09
2023-06-02,76.0,71.76
2023-06-05,76.61,72.14
2023-06-06,76.22,71.71
2023-06-07,76.85,72.52
2023-06-08,75.88,71.28
2023-06-09,74.74,70.16
2023-06-12,71.8,67.08
2023-06-13,74.24,69.39
2023-06-14,73.39,68.22
2023-06-15,75.75,70.61
2023-06-16,76.76,71.81
2023-06-19,76.09,
2023-06-20,75.79,70.94
2023-06-21,76.92,72.55
2023-06-22,73.93,69.22
2023-06-23,73.56,68.91
2023-06-26,73.86,69.09
2023-06-27,71.88,67.68
2023-06-28,73.64,69.54
2023-06-29,73.86,69.85
2023-06-30,74.51,70.66
2023-07-03,74.52,69.71
2023-07-04,76.23,
2023-07-05,76.74,71.78
2023-07-06,76.72,71.76
2023-07-07,78.77,73.91
2023-07-10,77.83,73.05
2023-07-11,79.54,74.87
2023-07-12,80.35,75.77
2023-07-13,81.31,76.86
2023-07-14,79.9,75.44
2023-07-17,77.8,74.17
2023-07-18,79.54,75.76
2023-07-19,79.38,75.4
2023-07-20,79.62,75.65
2023-07-21,81.06,77.06
2023-07-24,82.53,78.81
2023-07-25,83.46,79.76
2023-07-26,82.98,79.11
2023-07-27,84.28,80.17
2023-07-28,84.49,80.55
2023-07-31,85.22,81.8
2023-08-01,85.34,81.37
2023-08-02,84.01,79.5
2023-08-03,86.19,81.56
2023-08-04,87.38,82.76
2023-08-07,86.47,81.94
2023-08-08,88.0,82.94
2023-08-09,89.31,84.35
2023-08-10,87.44,82.81
2023-08-11,87.93,83.17
2023-08-14,87.4,82.5
2023-08-15,86.28,81.06
2023-08-16,84.49,79.4
2023-08-17,85.24,80.43
2023-08-18,85.92,81.25
2023-08-21,85.44,80.71
2023-08-22,84.7,80.25
2023-08-23,83.94,78.91
2023-08-24,84.07,79.52
2023-08-25,85.42,80.47
2023-08-28,,80.65
2023-08-29,86.37,81.14
2023-08-30,86.62,81.64
2023-08-31,87.29,83.55
2023-09-01,89.98,85.52
2023-09-04,90.42,
2023-09-05,91.25,86.74
2023-09-06,91.79,87.55
2023-09-07,91.16,86.87
2023-09-08,91.85,87.51
2023-09-11,91.97,87.3
2023-09-12,93.58,88.87
2023-09-13,93.04,88.59
2023-09-14,95.2,90.13
2023-09-15,95.55,90.83
2023-09-18,95.95,91.47
2023-09-19,96.11,91.16
2023-09-20,94.56,89.2
2023-09-21,93.7,89.56
2023-09-22,93.99,90.0
2023-09-25,94.01,89.68
2023-09-26,94.46,91.43
2023-09-27,97.1,93.67
2023-09-28,96.64,91.65
2023-09-29,95.86,90.77
2023-10-02,91.21,88.81
2023-10-03,94.46,89.26
2023-10-04,89.83,84.32
2023-10-05,88.28,82.3
2023-10-06,87.86,82.83
2023-10-09,91.37,
2023-10-10,90.7,85.89
2023-10-11,87.58,83.7
2023-10-12,88.4,82.87
2023-10-13,94.33,87.67
2023-10-16,90.99,86.65
2023-10-17,92.52,86.66
2023-10-18,91.99,88.35
2023-10-19,93.12,89.35
2023-10-20,93.72,89.12
2023-10-23,91.88,85.49
2023-10-24,88.0,84.58
2023-10-25,90.14,86.07
2023-10-26,88.45,83.8
2023-10-27,90.73,86.04
2023-10-30,90.73,83.03
2023-10-31,86.82,81.64
2023-11-01,86.92,81.05
2023-11-02,89.02,83.04
2023-11-03,87.55,81.19
2023-11-06,87.31,81.54
2023-11-07,83.43,77.96
2023-11-08,81.46,75.85
2023-11-09,81.74,76.34
2023-11-10,83.66,
2023-11-13,84.09,78.86
2023-11-14,84.2,78.9
2023-11-15,82.4,77.15
2023-11-16,77.73,73.5
2023-11-17,81.22,76.47
2023-11-20,83.25,78.1
2023-11-21,82.42,78.35
2023-11-22,81.76,76.8
2023-11-23,80.85,
2023-11-24,79.82,74.83
2023-11-27,79.49,74.46
2023-11-28,81.66,76.09
2023-11-29,82.98,77.56
2023-11-30,81.72,75.66
2023-12-01,78.72,73.7
2023-12-04,78.16,72.73
2023-12-05,77.27,71.95
2023-12-06,74.33,68.98
2023-12-07,74.21,69.0
2023-12-08,75.94,70.87
2023-12-11,75.75,70.95
2023-12-12,74.11,68.27
2023-12-13,74.14,69.09
2023-12-14,77.05,71.21
2023-12-15,76.84,71.05
2023-12-18,78.89,72.16
2023-12-19,79.82,73.23
2023-12-20,81.1,73.87
2023-12-21,80.73,73.59
2023-12-22,80.23,73.29
2023-12-25,,
2023-12-26,,75.84
2023-12-27,80.97,74.31
2023-12-28,79.04,72.02
2023-12-29,77.69,71.89
2024-01-01,,
2024-01-02,76.24,70.62
2024-01-03,77.18,72.97
2024-01-04,75.79,72.38
2024-01-05,78.31,74.0
2024-01-08,75.47,71.06
2024-01-09,77.97,72.43
2024-01-10,78.46,71.57
2024-01-11,80.21,72.15
2024-01-12,79.89,72.94
2024-01-15,79.76,
2024-01-16,80.15,72.63
2024-01-17,78.88,72.79
2024-01-18,81.04,74.32
2024-01-19,80.71,73.69
2024-01-22,81.7,75.26
2024-01-23,82.04,74.72
2024-01-24,82.15,75.48
2024-01-25,82.33,77.91
2024-01-26,83.34,78.45
2024-01-29,83.99,77.25
2024-01-30,84.14,78.3
2024-01-31,82.98,76.28
2024-02-01,82.2,74.36
2024-02-02,79.54,72.72
2024-02-05,79.3,73.21
2024-02-06,80.46,73.83
2024-02-07,81.18,74.26
2024-02-08,83.01,76.67
2024-02-09,83.58,77.26
2024-02-12,83.88,77.34
2024-02-13,84.72,78.28
2024-02-14,84.41,77.09
2024-02-15,84.33,78.47
2024-02-16,84.88,79.65
2024-02-19,85.52,
2024-02-20,84.78,78.72
2024-02-21,84.77,78.89
2024-02-22,85.84,79.64
2024-02-23,84.18,77.6
2024-02-26,84.01,78.53
2024-02-27,83.8,79.8
2024-02-28,84.08,79.44
2024-02-29,84.57,79.22
2024-03-01,84.82,80.9
2024-03-04,86.58,79.67
2024-03-05,85.82,79.11
2024-03-06,86.59,80.08
2024-03-07,84.88,79.81
2024-03-08,84.29,78.96
2024-03-11,83.44,78.87
2024-03-12,83.66,78.51
2024-03-13,83.95,80.67
2024-03-14,86.16,82.16
2024-03-15,85.39,81.94
2024-03-18,86.47,83.68
2024-03-19,87.36,84.39
2024-03-20,85.77,82.79
2024-03-21,84.92,81.99
2024-03-22,84.87,81.1
2024-03-25,86.18,82.41
2024-03-26,85.91,82.41
2024-03-27,84.94,82.15
2024-03-28,86.17,83.96
2024-03-29,,
2024-04-01,,84.54
2024-04-02,87.63,85.95
2024-04-03,90.6,86.22
2024-04-04,90.32,87.37
2024-04-05,92.81,87.69
2024-04-08,91.73,87.24
2024-04-09,92.13,86.04
2024-04-10,91.57,86.98
2024-04-11,91.49,85.79
2024-04-12,93.12,86.46
2024-04-15,90.84,86.21
2024-04-16,91.29,86.15
2024-04-17,89.54,83.58
2024-04-18,88.34,83.5
2024-04-19,87.96,83.79
2024-04-22,87.3,83.82
2024-04-23,88.29,84.17
2024-04-24,89.02,84.09
2024-04-25,88.1,84.92
2024-04-26,89.95,85.38
2024-04-29,88.44,84.26
2024-04-30,88.23,83.49
2024-05-01,83.55,80.7
2024-05-02,84.81,80.59
2024-05-03,83.6,79.65
2024-05-06,,80.1
2024-05-07,82.69,79.97
2024-05-08,82.44,80.57
2024-05-09,83.27,80.86
2024-05-10,83.39,79.81
2024-05-13,83.18,80.71
2024-05-14,81.0,79.62
2024-05-15,79.98,80.23
2024-05-16,81.65,80.85
2024-05-17,82.24,81.66
2024-05-20,81.91,81.39
2024-05-21,81.22,80.66
2024-05-22,79.9,79.15
2024-05-23,79.25,77.47
2024-05-24,78.92,78.48
2024-05-27,,
2024-05-28,81.34,80.9
2024-05-29,81.5,80.24
2024-05-30,81.42,78.96
2024-05-31,79.41,77.97
2024-06-03,76.45,75.26
2024-06-04,75.33,74.27
2024-06-05,75.41,75.08
2024-06-06,77.62,76.52
2024-06-07,78.12,76.53
2024-06-10,79.59,78.75
2024-06-11,80.15,78.88
2024-06-12,80.52,79.56
2024-06-13,81.44,79.61
2024-06-14,81.49,79.41
2024-06-17,82.45,81.33
2024-06-18,84.79,82.67
2024-06-19,85.64,
2024-06-20,85.92,83.34
2024-06-21,86.42,81.71
2024-06-24,86.75,82.63
2024-06-25,86.81,81.97
2024-06-26,85.76,82.19
2024-06-27,87.0,83.04
2024-06-28,87.26,82.83
2024-07-01,86.57,84.7
2024-07-02,88.28,84.09
2024-07-03,88.25,85.19
2024-07-04,88.34,
2024-07-05,88.66,84.44
2024-07-08,87.15,83.63
2024-07-09,86.48,82.78
2024-07-10,86.55,83.39
2024-07-11,86.49,83.92
2024-07-12,87.35,83.49
2024-07-15,86.42,83.22
2024-07-16,86.6,81.92
2024-07-17,85.76,84.16
2024-07-18,86.26,84.17
2024-07-19,85.19,81.43
2024-07-22,83.44,81.25
2024-07-23,82.2,78.24
2024-07-24,83.01,78.78
2024-07-25,82.58,79.43
2024-07-26,81.35,78.58
2024-07-29,80.94,77.27
2024-07-30,79.26,76.17
2024-07-31,81.39,79.36
2024-08-01,81.37,77.74
2024-08-02,78.35,74.99
2024-08-05,77.51,74.46
2024-08-06,76.62,74.6
2024-08-07,78.26,76.68
2024-08-08,80.76,77.64
2024-08-09,81.07,78.28
2024-08-12,83.06,81.45
2024-08-13,82.51,79.81
2024-08-14,82.15,78.47
2024-08-15,83.09,79.66
2024-08-16,81.56,78.05
2024-08-19,81.09,75.82
2024-08-20,78.85,75.27
2024-08-21,78.77,72.76
2024-08-22,78.8,73.72
2024-08-23,80.34,75.82
2024-08-26,,78.4
2024-08-27,81.51,76.5
2024-08-28,80.04,75.49
2024-08-29,81.55,76.9
2024-08-30,80.2,74.52
2024-09-02,77.82,
2024-09-03,76.46,71.28
2024-09-04,74.67,70.11
2024-09-05,74.47,70.09
2024-09-06,72.82,68.58
2024-09-09,72.37,69.65
2024-09-10,70.34,66.73
2024-09-11,70.31,68.25
2024-09-12,73.81,69.89
2024-09-13,73.68,69.59
2024-09-16,73.96,71.1
2024-09-17,74.55,72.16
2024-09-18,74.52,71.87
2024-09-19,75.93,72.86
2024-09-20,75.96,72.72
2024-09-23,74.95,71.33
2024-09-24,75.29,72.34
2024-09-25,75.4,70.42
2024-09-26,73.06,68.28
2024-09-27,71.63,68.72
2024-09-30,72.35,68.75
2024-10-01,75.3,70.41
2024-10-02,74.86,70.74
2024-10-03,77.57,74.33
2024-10-04,79.32,74.93
2024-10-07,81.74,77.76
2024-10-08,78.19,74.26
2024-10-09,77.06,73.85
2024-10-10,79.45,76.46
2024-10-11,80.27,76.11
2024-10-14,78.47,
2024-10-15,73.68,71.22
2024-10-16,73.65,70.97
2024-10-17,74.37,71.26
2024-10-18,72.75,69.78
2024-10-21,73.29,71.16
2024-10-22,75.59,72.84
2024-10-23,74.68,71.37
2024-10-24,74.27,70.58
2024-10-25,75.62,72.02
2024-10-28,71.87,67.65
2024-10-29,71.09,67.48
2024-10-30,73.21,68.91
2024-10-31,73.25,69.58
2024-11-01,73.63,69.81
2024-11-04,74.89,71.83
2024-11-05,76.98,72.26
2024-11-06,76.52,71.98
2024-11-07,75.73,72.69
2024-11-08,74.04,70.69
2024-11-11,72.19,
2024-11-12,72.56,68.43
2024-11-13,72.86,68.76
2024-11-14,73.39,68.99
2024-11-15,73.45,67.33
2024-11-18,74.35,69.46
2024-11-19,74.32,69.75
2024-11-20,74.33,69.25
2024-11-21,75.09,70.39
2024-11-22,76.1,71.68
2024-11-25,74.27,69.41
2024-11-26,74.56,69.05
2024-11-27,73.91,69.03
2024-11-28,73.92,
2024-11-29,74.16,68.26
2024-12-02,72.81,68.35
2024-12-03,74.8,70.15
2024-12-04,74.68,68.81
2024-12-05,73.78,68.58
2024-12-06,73.78,68.58
2024-12-09,73.73,68.65
2024-12-10,73.64,68.85
2024-12-11,74.38,70.57
2024-12-12,73.52,70.25
2024-12-13,74.89,71.54
2024-12-16,74.3,71.03
2024-12-17,73.16,70.31
2024-12-18,74.57,70.8
2024-12-19,73.75,70.1
2024-12-20,73.19,69.71
2024-12-23,72.12,69.5
2024-12-24,73.5,70.87
2024-12-25,,
2024-12-26,,70.38
2024-12-27,73.77,71.28
2024-12-30,74.24,71.73
2024-12-31,74.58,72.44
2025-01-01,,
2025-01-02,76.14,73.79
2025-01-03,76.72,74.64
2025-01-06,77.27,74.31
2025-01-07,77.84,74.99
2025-01-08,77.37,73.99
2025-01-09,78.44,
2025-01-10,79.76,77.27
2025-01-13,82.69,79.57
2025-01-14,82.39,78.2
2025-01-15,83.48,80.73
2025-01-16,82.39,79.35
2025-01-17,83.02,78.56
2025-01-20,81.68,
2025-01-21,80.57,76.79
2025-01-22,80.0,76.12
2025-01-23,78.62,75.03
2025-01-24,78.71,74.97
2025-01-27,77.3,73.51
2025-01-28,78.01,74.15
2025-01-29,77.02,72.94
2025-01-30,77.42,73.1
2025-01-31,77.11,72.84
2025-02-03,76.49,73.52
2025-02-04,76.58,73.04
2025-02-05,74.71,71.39
2025-02-06,74.54,70.97
2025-02-07,74.68,71.32
2025-02-10,76.23,72.73
2025-02-11,77.65,73.67
2025-02-12,75.38,71.72
2025-02-13,75.61,71.66
2025-02-14,75.19,71.05
2025-02-17,75.81,
2025-02-18,76.46,72.21
2025-02-19,76.34,72.58
2025-02-20,76.95,72.88
2025-02-21,74.88,70.72
2025-02-24,74.89,71.06
2025-02-25,73.11,69.15
2025-02-26,73.49,68.87
2025-02-27,75.01,70.62
2025-02-28,74.76,69.97
2025-03-03,72.85,68.63
2025-03-04,72.31,68.47
2025-03-05,70.92,66.58
2025-03-06,71.08,66.62
2025-03-07,72.49,67.29
2025-03-10,71.08,66.31
2025-03-11,71.51,66.52
2025-03-12,72.36,67.65
2025-03-13,70.82,66.82
2025-03-14,71.94,67.43
2025-03-17,71.93,67.84
2025-03-18,71.93,67.49
2025-03-19,71.94,67.4
2025-03-20,72.61,68.55
2025-03-21,72.64,68.52
2025-03-24,73.96,69.46
2025-03-25,73.78,69.48
2025-03-26,74.6,70.05
2025-03-27,74.72,70.3
2025-03-28,74.69,69.74
2025-03-31,77.23,71.87
2025-04-01,77.78,71.61
2025-04-02,77.27,72.12
2025-04-03,72.54,67.43
2025-04-04,68.36,62.42
2025-04-07,66.13,61.05
2025-04-08,64.86,60.04
2025-04-09,67.3,62.63
2025-04-10,65.37,60.57
2025-04-11,66.83,61.91
2025-04-14,67.18,61.99
2025-04-15,66.58,61.74
2025-04-16,67.94,62.88
2025-04-17,69.33,65.07
2025-04-18,,
2025-04-21,,63.48
2025-04-22,68.93,64.6
2025-04-23,68.26,62.64
2025-04-24,67.5,63.55
2025-04-25,66.99,63.85
2025-04-28,66.13,63.3
2025-04-29,64.04,61.84
2025-04-30,63.37,59.55
2025-05-01,62.37,60.59
2025-05-02,61.57,59.67
2025-05-05,,58.5
2025-05-06,62.37,60.42
2025-05-07,60.31,59.42
2025-05-08,62.22,61.25
2025-05-09,64.26,62.37
2025-05-12,65.28,63.32
2025-05-13,66.93,65.04
2025-05-14,65.91,64.48
2025-05-15,64.36,63.03
2025-05-16,65.2,63.84
2025-05-19,66.25,63.98
2025-05-20,66.93,63.97
2025-05-21,65.86,62.93
2025-05-22,64.87,62.55
2025-05-23,65.41,62.89
2025-05-26,,
2025-05-27,64.32,61.61
2025-05-28,65.72,62.54
2025-05-29,64.6,61.66
2025-05-30,64.32,61.46
2025-06-02,66.55,63.27
2025-06-03,67.48,64.1
2025-06-04,66.69,63.57
2025-06-05,67.14,64.06
2025-06-06,68.02,65.3
2025-06-09,68.73,65.99
2025-06-10,68.41,65.66
2025-06-11,71.29,68.91
2025-06-12,70.84,68.73
2025-06-13,76.0,73.84
2025-06-16,75.05,72.53
2025-06-17,78.7,75.62
2025-06-18,78.38,75.89
2025-06-19,80.37,
2025-06-20,78.73,75.72
2025-06-23,74.34,69.36
2025-06-24,69.13,65.45
2025-06-25,68.4,65.98
2025-06-26,68.57,66.44
2025-06-27,69.37,66.66
2025-06-30,68.15,66.3
2025-07-01,67.63,66.64
2025-07-02,70.8,68.66
2025-07-03,70.42,68.13
2025-07-04,71.03,
2025-07-07,71.95,69.16
2025-07-08,72.5,69.55
2025-07-09,71.98,69.61
2025-07-10,70.38,67.78
2025-07-11,72.06,69.63
2025-07-14,70.96,68.19
2025-07-15,70.27,67.76
2025-07-16,69.67,67.13
2025-07-17,71.32,68.76
2025-07-18,71.06,68.53
2025-07-21,71.92,68.39
2025-07-22,69.69,67.56
2025-07-23,69.17,66.05
2025-07-24,70.42,67.16
2025-07-25,69.23,66.38
2025-07-28,70.87,67.81
2025-07-29,73.21,70.27
2025-07-30,73.98,71.09
2025-07-31,73.43,70.36
2025-08-01,70.55,68.39
2025-08-04,69.56,67.33
2025-08-05,69.14,66.2
2025-08-06,67.97,65.38
2025-08-07,66.99,64.9
2025-08-08,67.17,64.94
2025-08-11,67.36,65.03
2025-08-12,66.8,64.22
2025-08-13,66.25,63.68
2025-08-14,68.12,64.99
2025-08-15,67.3,63.78
2025-08-18,68.18,64.51
2025-08-19,66.62,63.38
2025-08-20,67.61,64.19
2025-08-21,68.41,64.56
2025-08-22,68.29,64.08
2025-08-25,,65.18
2025-08-26,66.89,63.6
2025-08-27,67.75,64.49
2025-08-28,68.61,64.96
2025-08-29,67.83,64.36
2025-09-01,67.09,
2025-09-02,68.09,65.95
2025-09-03,67.76,64.36
2025-09-04,66.41,63.81
2025-09-05,64.92,62.22
2025-09-08,65.44,62.6
2025-09-09,67.97,62.97
2025-09-10,67.62,64.01
2025-09-11,67.25,62.71
2025-09-12,67.87,63.02
2025-09-15,67.88,63.66
2025-09-16,69.69,64.89
2025-09-17,69.19,64.41
2025-09-18,67.83,63.91
2025-09-19,67.05,63.02
2025-09-22,66.87,62.99
2025-09-23,67.96,63.76
2025-09-24,69.64,65.4
2025-09-25,70.48,65.51
2025-09-26,71.15,66.5
2025-09-29,69.0,64.27
2025-09-30,68.52,63.17
2025-10-01,66.67,62.59
2025-10-02,65.44,61.28
2025-10-03,66.13,61.65
2025-10-06,67.09,62.49
2025-10-07,67.1,62.52
2025-10-08,67.42,63.37
2025-10-09,67.23,62.36
2025-10-10,64.41,59.75
2025-10-13,64.15,
2025-10-14,63.0,59.52
2025-10-15,62.33,59.08
2025-10-16,61.08,58.29
2025-10-17,61.23,58.3
2025-10-20,60.71,58.34
2025-10-21,61.0,58.66
2025-10-22,62.28,59.3
2025-10-23,66.32,62.44
2025-10-24,65.8,62.27
2025-10-27,65.52,62.13
2025-10-28,64.03,60.97
2025-10-29,65.01,61.26
2025-10-30,65.11,61.36
2025-10-31,65.44,61.75
2025-11-03,65.79,61.79
2025-11-04,65.04,61.38
2025-11-05,63.54,60.4
2025-11-06,63.41,60.24
2025-11-07,63.72,60.54
2025-11-10,63.01,60.94
2025-11-11,63.86,
2025-11-12,61.88,59.3
2025-11-13,62.14,59.54
2025-11-14,63.45,60.87
2025-11-17,63.16,60.66
2025-11-18,64.86,61.51
2025-11-19,63.78,60.27
2025-11-20,63.64,60.07
2025-11-21,62.78,58.86
2025-11-24,64.83,59.11
2025-11-25,63.99,58.25
2025-11-26,64.81,58.81
2025-11-27,64.18,
2025-11-28,64.07,58.58
2025-12-01,64.22,59.47
2025-12-02,63.37,58.81
2025-12-03,63.75,59.09
2025-12-04,64.15,59.82
2025-12-05,64.42,60.23
2025-12-08,63.3,59.04
2025-12-09,62.62,58.4
2025-12-10,63.12,58.67
2025-12-11,61.87,57.76
2025-12-12,62.11,57.61
2025-12-15,61.55,56.97
2025-12-16,59.93,55.44
2025-12-17,60.61,56.07
2025-12-18,60.69,56.22
2025-12-19,61.35,56.8
2025-12-22,62.22,58.18
2025-12-23,63.7,58.55
2025-12-24,63.7,58.72
2025-12-25,,
2025-12-26,,56.6
2025-12-29,63.1,57.89
2025-12-30,62.3,57.79
2025-12-31,61.35,57.26
2026-01-01,,
2026-01-02,61.98,57.21
2026-01-05,63.0,58.1
2026-01-06,62.1,56.97
2026-01-07,61.08,56.01
2026-01-08,63.34,57.74
2026-01-09,65.11,58.96
2026-01-12,65.4,59.39
2026-01-13,67.58,60.85
2026-01-14,68.87,61.84
2026-01-15,66.16,59.13
2026-01-16,66.97,59.4
2026-01-19,66.91,
2026-01-20,67.68,60.3
2026-01-21,66.72,60.38
2026-01-22,65.46,59.24
2026-01-23,68.16,60.7
2026-01-26,67.7,60.46
2026-01-27,70.28,62.04
2026-01-28,70.9,62.75
2026-01-29,71.0,64.77
2026-01-30,72.25,64.5
2026-02-02,67.72,61.6
2026-02-03,70.01,62.62
2026-02-04,71.15,64.56
2026-02-05,69.87,62.9
2026-02-06,70.45,63.77
2026-02-09,71.19,64.53
